image_id,method,min_pairwise_de2000,wcag_aa_coverage,wcag_aaa_coverage,reconstruction_error_de2000,harmony_alignment,runtime_seconds
coco_000000005060,dsp,26.946720723607175,0.4,0.2,11.657725948830773,0.7729382367802681,0.3520171249983832
coco_000000005060,median_cut,12.824095175093593,0.3,0.1,9.578495015919113,0.5461372953785824,0.19872779200522928
coco_000000005060,kmeans_rgb,15.416550991022815,0.3,0.3,9.524357446348539,0.7093618809706848,0.08177029200305697
coco_000000005060,kmeans_lab,13.953717929167007,0.3,0.1,9.07885130251005,0.6887340209516519,0.35036862500419375
coco_000000007281,dsp,20.759754544572942,0.2,0.2,5.548386344064119,0.3437504105408763,0.29645237500517396
coco_000000007281,median_cut,2.2098189183196686,0.0,0.0,6.743537612005906,0.6540119530385173,0.14958145799755584
coco_000000007281,kmeans_rgb,5.978014416309399,0.3,0.1,5.522101914110968,0.3271455291241946,0.1086173330040765
coco_000000007281,kmeans_lab,16.771124071731215,0.2,0.1,4.882047853632916,0.32872034507881537,0.3240667920035776
coco_000000008277,dsp,23.679087771533684,0.3,0.2,9.5994466092495,0.6325374164256019,0.39568424999743
coco_000000008277,median_cut,7.151739936258245,0.3,0.1,7.829275783191452,0.05894072256406204,0.23972304099879693
coco_000000008277,kmeans_rgb,13.724682898335747,0.3,0.1,6.926830042526986,0.12915874321896617,0.0811349169962341
coco_000000008277,kmeans_lab,11.592274479623867,0.3,0.1,6.696109605560784,0.2961057486869566,0.3786165829951642
coco_000000021465,dsp,31.801660288453043,0.5,0.2,17.117417939477292,0.273094782977846,0.2559717499971157
coco_000000021465,median_cut,17.821473278874134,0.4,0.1,11.5562590461678,0.4430194264190441,0.10234770799434045
coco_000000021465,kmeans_rgb,18.358372157870765,0.3,0.1,10.719438432461406,0.42285689600365,0.043558707999181934
coco_000000021465,kmeans_lab,20.24908048906631,0.2,0.1,10.826031830740508,0.4591548053075911,0.32056166700203903
coco_000000028449,dsp,21.158296095313403,0.4,0.2,9.224192569291366,0.447325250891875,0.3294796249974752
coco_000000028449,median_cut,9.873988833305182,0.3,0.1,7.846546926322557,0.4034726831621091,0.17702404099691194
coco_000000028449,kmeans_rgb,10.990915702481285,0.3,0.1,7.587818510782408,0.5635172349840388,0.06403700000373647
coco_000000028449,kmeans_lab,15.52965279152594,0.2,0.0,6.854634947303728,0.6154413785308319,0.36624029100494226
coco_000000033854,dsp,23.682587331056084,0.4,0.2,7.9217537644012985,0.29889860980321237,0.3401642919998267
coco_000000033854,median_cut,10.575013231744157,0.5,0.4,6.360773296451305,0.3434318509757601,0.18416829199850326
coco_000000033854,kmeans_rgb,11.363752333214354,0.5,0.3,6.207920613588401,0.3845093358998991,0.11358758400456281
coco_000000033854,kmeans_lab,16.52118916204419,0.4,0.3,6.280991630293323,0.38820321023356197,0.3788385419975384
coco_000000035279,dsp,31.165723975968444,0.4,0.2,10.395826544707663,0.3910839928220015,0.3736688330027391
coco_000000035279,median_cut,10.177563380762775,0.6,0.4,6.704617959996507,0.5895938388531871,0.2009035840019351
coco_000000035279,kmeans_rgb,14.497850849122992,0.4,0.3,6.073212323814065,0.580535284332569,0.06511316699470626
coco_000000035279,kmeans_lab,20.604230320618946,0.4,0.2,6.239120646522458,0.6416011145466853,0.3680291249984293
coco_000000069106,dsp,17.33897118080662,0.3,0.2,8.655534954075595,0.6522912600894613,0.25740137500542914
coco_000000069106,median_cut,6.541026567237847,0.0,0.0,5.308644733035187,0.6035574367967651,0.10767391700210283
coco_000000069106,kmeans_rgb,8.219196469433296,0.1,0.0,5.27824169353148,0.5735299608356327,0.03678604199376423
coco_000000069106,kmeans_lab,7.879623630247759,0.1,0.0,5.211951599952146,0.5425931599520317,0.3627759579976555
coco_000000075393,dsp,22.226889623437227,0.3,0.2,10.457797503827567,0.5015501685820316,0.35036875000514556
coco_000000075393,median_cut,3.9343694475002517,0.4,0.3,6.124152392652467,0.3808066808432494,0.19232875000307104
coco_000000075393,kmeans_rgb,8.868659721917679,0.3,0.2,5.846870947631366,0.3496230895958406,0.07143520799581893
coco_000000075393,kmeans_lab,14.172103075389002,0.4,0.1,5.184864239343485,0.2768099220035711,0.40115991599304834
coco_000000085329,dsp,19.706650273990295,0.5,0.3,2.695107233962569,0.5612448840761415,0.3090131659992039
coco_000000085329,median_cut,0.7021735851552816,0.0,0.0,6.715815130916448,0.5925070593244035,0.16329754099569982
coco_000000085329,kmeans_rgb,12.596808311876734,0.4,0.4,2.1908594748310746,0.6617356020864474,0.1276287919972674
coco_000000085329,kmeans_lab,13.481240433671227,0.4,0.3,2.093534989857414,0.7129429229531411,0.22454454200487817
coco_000000090062,dsp,26.461636441724757,0.4,0.2,12.550038364737253,0.6859707918812598,0.3484564589962247
coco_000000090062,median_cut,10.123438286083337,0.4,0.2,7.194835256635087,0.48973670829778637,0.19623487500211922
coco_000000090062,kmeans_rgb,14.516878259943605,0.3,0.2,7.137455424674608,0.36463558092753756,0.07303549999778625
coco_000000090062,kmeans_lab,13.156844292529927,0.3,0.1,7.27433743089404,0.49175611633596394,0.3641501669990248
coco_000000101022,dsp,32.142224768898075,0.4,0.1,10.772770737965054,0.4777210440455737,0.3537422500012326
coco_000000101022,median_cut,6.772594068075454,0.3,0.3,8.96164388663629,0.6386034234998805,0.2029404999993858
coco_000000101022,kmeans_rgb,15.718576263105392,0.4,0.2,7.7934088927623035,0.6076942173980779,0.07204966600693297
coco_000000101022,kmeans_lab,17.955282205845695,0.3,0.2,7.633652128322059,0.4288657491582069,0.3963247499996214
coco_000000104666,dsp,26.295083274289958,0.4,0.2,11.225132333216322,0.49186359152277487,0.3350823750006384
coco_000000104666,median_cut,9.357241723757719,0.2,0.1,7.3553121876136345,0.4751122687373795,0.19585645800543716
coco_000000104666,kmeans_rgb,12.00251734358551,0.4,0.2,7.41101431161479,0.2078897783262846,0.05801662500016391
coco_000000104666,kmeans_lab,15.930151553561233,0.2,0.1,7.658283051676915,0.4618291597317242,0.39323158300248906
coco_000000107226,dsp,31.428104104257432,0.2,0.1,9.721313096292603,0.39756959381866935,0.3619615839998005
coco_000000107226,median_cut,9.477728713631008,0.5,0.2,11.876882416749467,0.3618533002828162,0.25540541599912103
coco_000000107226,kmeans_rgb,12.1663786210613,0.3,0.2,10.917426837349257,0.39888366822946536,0.09295858299446991
coco_000000107226,kmeans_lab,21.42951790915675,0.2,0.2,7.786427776791363,0.5458832406609694,0.3880936659988947
coco_000000117645,dsp,11.284374640381623,0.1,0.0,2.9209497970688076,0.44002400411131115,0.32142016599391354
coco_000000117645,median_cut,1.4018149545218304,0.0,0.0,2.8995405151988916,0.15995475408340581,0.16839887500100303
coco_000000117645,kmeans_rgb,3.9160392819499634,0.1,0.0,2.139686942390878,0.4290317611109639,0.07100416699540801
coco_000000117645,kmeans_lab,4.144783861453683,0.1,0.0,2.144707849794481,0.508933631160172,0.37562166700081434
coco_000000119516,dsp,26.076229565957544,0.2,0.1,9.583909575323222,0.4718816083515033,0.35108691699861083
coco_000000119516,median_cut,2.943023657084469,0.0,0.0,7.552958097884862,0.5960218029992502,0.19278812500124332
coco_000000119516,kmeans_rgb,9.512963033914803,0.4,0.2,7.499531182670329,0.5928488090815323,0.10987037499580765
coco_000000119516,kmeans_lab,11.174912197821936,0.4,0.1,6.473034374405497,0.5553748468154854,0.27158283299650066
coco_000000145020,dsp,40.02656458164039,0.4,0.0,16.823727953001544,0.5681651651752521,0.3228748329929658
coco_000000145020,median_cut,12.091129179052396,0.3,0.1,12.723056963035216,0.4041449671336399,0.1723628749969066
coco_000000145020,kmeans_rgb,19.420772366370045,0.3,0.1,11.15978813581172,0.1561016958961638,0.0475757500025793
coco_000000145020,kmeans_lab,21.46771774417367,0.2,0.1,11.113343121003032,0.46438841184847285,0.3758318749969476
coco_000000161128,dsp,26.46191291867936,0.3,0.2,8.251402676739232,0.3085452972754913,0.2856564160028938
coco_000000161128,median_cut,9.482325504577533,0.3,0.2,7.913055491281508,0.04554711819747242,0.14411591699899873
coco_000000161128,kmeans_rgb,13.105191696775414,0.4,0.2,6.248839842832179,0.4833916605096801,0.07228824999765493
coco_000000161128,kmeans_lab,12.195976126461664,0.3,0.1,6.387227720685992,0.39530629150121704,0.3369630419983878
coco_000000162543,dsp,11.44411924412949,0.2,0.2,12.857532253631186,0.6833430714877305,0.459484708000673
coco_000000162543,median_cut,6.636268050491708,0.4,0.3,8.153992644590728,0.43911691670283365,0.20302220799931092
coco_000000162543,kmeans_rgb,13.69977824492478,0.5,0.3,7.309656987170933,0.6625133647734367,0.23217962499620626
coco_000000162543,kmeans_lab,14.75742457582443,0.4,0.2,7.187349874650561,0.6483158412576098,0.4011845419954625
coco_000000166287,dsp,19.44585289565888,0.1,0.0,7.36104381413317,0.4817751314538974,0.34194454200041946
coco_000000166287,median_cut,1.7014185298686202,0.0,0.0,5.250886024599539,0.43258982010219854,0.1842952500010142
coco_000000166287,kmeans_rgb,7.859297280542685,0.1,0.0,4.232179498028917,0.392303067588929,0.06520050000108313
coco_000000166287,kmeans_lab,9.718864284776108,0.1,0.0,4.310254969562965,0.7298635730996365,0.3825765420042444
coco_000000168974,dsp,24.279983474261407,0.4,0.2,13.067987345073547,0.17013032338929113,0.2752710830027354
coco_000000168974,median_cut,5.586392076029658,0.1,0.0,7.675906955127611,0.06656203893601158,0.12419287499506027
coco_000000168974,kmeans_rgb,8.175298047493664,0.2,0.1,7.110724663767451,0.08633720225717317,0.0429899589944398
coco_000000168974,kmeans_lab,12.672425530938527,0.2,0.1,6.754514428792828,0.3394324337428466,0.3454647920007119
coco_000000169169,dsp,29.622294112975577,0.4,0.2,14.269203422771357,0.5014590067671765,0.407486832998984
coco_000000169169,median_cut,14.294982541115184,0.3,0.2,13.472385402849838,0.5894628602132923,0.22474970799521543
coco_000000169169,kmeans_rgb,18.643666031244617,0.3,0.1,11.571541300632159,0.5855539972094795,0.09795637500064913
coco_000000169169,kmeans_lab,18.500324000972228,0.2,0.2,10.947089044885377,0.4188855264224804,0.33906958300212864
coco_000000184400,dsp,25.864203879853005,0.2,0.1,8.498115478216612,0.4276184522909647,0.3894754590000957
coco_000000184400,median_cut,5.394828085678706,0.3,0.1,7.225523962298502,0.5515475175881702,0.2219373329935479
coco_000000184400,kmeans_rgb,10.579793188817309,0.1,0.1,6.0657414378163494,0.45032543959285076,0.11033020900504198
coco_000000184400,kmeans_lab,8.389049660498248,0.3,0.0,6.800668003872489,0.41148847772748925,0.3704165000017383
coco_000000186632,dsp,25.007102081319584,0.3,0.2,10.3797965052456,0.30302047274079336,0.35444416699465364
coco_000000186632,median_cut,11.79617502586467,0.4,0.2,6.311500024237456,0.38794434625541663,0.19283345800067764
coco_000000186632,kmeans_rgb,12.081665581728103,0.3,0.2,6.331107046555386,0.391551430303131,0.06859524999890709
coco_000000186632,kmeans_lab,13.4041956307206,0.4,0.2,6.5222620745408015,0.4471453561960869,0.3825802499995916
coco_000000187249,dsp,28.968356620491747,0.5,0.3,10.058994135983292,0.352330993828832,0.3691645829967456
coco_000000187249,median_cut,0.9046740625374415,0.2,0.0,7.918219678426386,0.3657156259094361,0.2021852499965462
coco_000000187249,kmeans_rgb,11.114603184538698,0.5,0.2,7.013975052353391,0.4346858964584276,0.08152216699818382
coco_000000187249,kmeans_lab,16.954348942848323,0.3,0.2,6.691333915313612,0.5932100799169863,0.42009341700031655
coco_000000190923,dsp,24.453733649348198,0.4,0.2,13.541968090941879,0.38673169696139675,0.32739629199932097
coco_000000190923,median_cut,11.907160309200579,0.2,0.1,8.918534744065541,0.7266102661367893,0.1502813339975546
coco_000000190923,kmeans_rgb,14.845469266996181,0.4,0.3,8.707931555822901,0.5953127906449138,0.14741862500522984
coco_000000190923,kmeans_lab,16.42792823019765,0.1,0.1,7.814070894999474,0.3349247640348193,0.39222850000078324
coco_000000213035,dsp,20.044173722686356,0.3,0.2,5.781444799725769,0.2511628348756737,0.3223749160024454
coco_000000213035,median_cut,4.984815248299911,0.4,0.3,4.251608934737993,0.06314203110876686,0.17096395900443895
coco_000000213035,kmeans_rgb,5.7891135919248695,0.5,0.2,3.9323823592721996,0.12994087395599516,0.0606510840007104
coco_000000213035,kmeans_lab,5.3830358326656675,0.5,0.2,3.9914103494486666,0.19551075835422166,0.3854780830006348
coco_000000228214,dsp,24.66537712901138,0.4,0.1,9.269387956111935,0.3635500351759854,0.33736245799809694
coco_000000228214,median_cut,4.163176529259125,0.5,0.3,9.115470748107576,0.4052916901596221,0.1764739170030225
coco_000000228214,kmeans_rgb,13.127323697083309,0.5,0.3,8.260413863941569,0.35011624853645557,0.07417916599661112
coco_000000228214,kmeans_lab,27.683977899675345,0.3,0.1,8.109217668702726,0.33546265179487,0.3701943750056671
coco_000000233370,dsp,25.12640434417675,0.4,0.2,9.577216313274537,0.7332421780108183,0.34043866700085346
coco_000000233370,median_cut,7.262631545292722,0.4,0.2,6.075008084680175,0.4204769722095981,0.19068091599910986
coco_000000233370,kmeans_rgb,10.642485472370005,0.3,0.2,5.921542448104408,0.10583461651279993,0.12459595799737144
coco_000000233370,kmeans_lab,12.091720130578196,0.3,0.2,5.925055080611723,0.1783596458991186,0.4760832920001121
coco_000000236690,dsp,17.13489410102175,0.4,0.2,6.806896834311497,0.15941805863066866,0.325403083996207
coco_000000236690,median_cut,0.3247018936977627,0.0,0.0,6.165916717771717,0.2076128412753456,0.16059508400212508
coco_000000236690,kmeans_rgb,9.998739925841143,0.2,0.1,3.914083567653686,0.11620047217092375,0.058008041996799875
coco_000000236690,kmeans_lab,9.75296258544864,0.2,0.1,3.8977528340288647,0.07963619347065157,0.3497449579954264
coco_000000244379,dsp,20.029705536722403,0.4,0.3,9.313631441718462,0.520074775634763,0.35211537499708356
coco_000000244379,median_cut,6.159312490874115,0.6,0.5,6.338339974349665,0.6616576716119711,0.19891641700087348
coco_000000244379,kmeans_rgb,12.064641346703292,0.5,0.3,6.119226132277537,0.6002493574529428,0.07498495800246019
coco_000000244379,kmeans_lab,9.439912656654492,0.5,0.3,6.154726627688645,0.4438364757208859,0.38115666700468864
coco_000000252216,dsp,19.225184474704378,0.4,0.2,10.6770085342671,0.5496195003968731,0.3651216670041322
coco_000000252216,median_cut,6.057292700823888,0.2,0.1,7.50738164181781,0.46236365738274765,0.20265541600383585
coco_000000252216,kmeans_rgb,14.165416361278334,0.1,0.1,7.005015465482543,0.09253876852032675,0.06714466700213961
coco_000000252216,kmeans_lab,14.343535211493839,0.3,0.2,6.042007020538079,0.27089337596584506,0.3839743329954217
coco_000000255749,dsp,18.537831001600374,0.5,0.3,1.9369037890682244,0.3620572989251186,0.29949416700401343
coco_000000255749,median_cut,0.31462111335722953,0.2,0.0,2.024144435807853,0.3620526304536983,0.19981158399605192
coco_000000255749,kmeans_rgb,5.5223760760096665,0.4,0.2,1.475290006577907,0.018317041983010755,0.08498154200060526
coco_000000255749,kmeans_lab,7.401177677087335,0.4,0.2,1.5543484619024521,0.018317041985520657,0.41117612500238465
coco_000000262487,dsp,28.197303162195738,0.3,0.1,9.102253936646742,0.3278592337228529,0.4707320829984383
coco_000000262487,median_cut,4.917087115750712,0.0,0.0,7.543934127495537,0.06270695158481057,0.23656366600334877
coco_000000262487,kmeans_rgb,7.464769450216602,0.2,0.1,7.077607457541933,0.19478636980624872,0.13304424999660114
coco_000000262487,kmeans_lab,7.165456467062025,0.1,0.1,6.540457789979796,0.19844328906516426,0.4722133750037756
coco_000000275791,dsp,32.460695738796716,0.2,0.2,16.212773441188926,0.2885091589072958,0.35661350000009406
coco_000000275791,median_cut,11.876574187371373,0.3,0.1,9.531563703077909,0.24394820688631375,0.19841404099861393
coco_000000275791,kmeans_rgb,15.335924810068553,0.2,0.1,9.210718978930512,0.36593877979887063,0.0643348329977016
coco_000000275791,kmeans_lab,19.02513710456041,0.2,0.1,8.897514326366316,0.25107988050480295,0.3612141249977867
coco_000000281693,dsp,28.080438908134067,0.4,0.2,9.061507071331,0.40739375791460486,0.36682275000202935
coco_000000281693,median_cut,6.330098325693851,0.3,0.2,7.665045086826031,0.42316761852907847,0.199636332996306
coco_000000281693,kmeans_rgb,19.235989547813503,0.3,0.2,7.044562376236215,0.5936854817958216,0.06657675000315066
coco_000000281693,kmeans_lab,15.478348719784664,0.2,0.1,7.416751879699302,0.555533229458052,0.41403291699680267
coco_000000283520,dsp,30.374246990831004,0.4,0.2,12.74126130632014,0.5269265929535644,0.4158817089992226
coco_000000283520,median_cut,5.57913158972728,0.1,0.0,9.724947290351393,0.4739773734086561,0.22236908299964853
coco_000000283520,kmeans_rgb,10.272102121867213,0.1,0.1,9.499875562660588,0.5166223360396099,0.13630312500026776
coco_000000283520,kmeans_lab,16.161836752509313,0.1,0.0,7.759837516144342,0.6576867086424211,0.2045827499969164
coco_000000284106,dsp,23.826749323847725,0.3,0.2,8.745246377301243,0.7346730974418877,0.36341800000082003
coco_000000284106,median_cut,8.936674734412668,0.3,0.1,8.10109978264965,0.5419056325270453,0.19697900000028312
coco_000000284106,kmeans_rgb,17.84412472307252,0.3,0.1,7.380017566171035,0.5741179850846219,0.07888891699985834
coco_000000284106,kmeans_lab,14.34679043528516,0.2,0.1,7.336675909819716,0.5292825154275581,0.3660445829955279
coco_000000288762,dsp,37.770942553480914,0.4,0.1,13.01745163997704,0.5890314948988642,0.34582587499608053
coco_000000288762,median_cut,6.789895346589104,0.2,0.0,11.245221265416975,0.48531686047743394,0.18598004200612195
coco_000000288762,kmeans_rgb,12.95772132586372,0.2,0.1,8.518589667283184,0.5339673834395638,0.06277433299692348
coco_000000288762,kmeans_lab,14.393608732326578,0.2,0.1,8.542777394742393,0.4870696184763167,0.3778119999988121
coco_000000294163,dsp,28.772935008487345,0.3,0.2,14.734233238264798,0.5546994094734378,0.3654959589985083
coco_000000294163,median_cut,1.821916963765985,0.0,0.0,6.405522118874677,0.2970834942046384,0.23729191700113006
coco_000000294163,kmeans_rgb,8.829844953557474,0.4,0.1,5.710221890866248,0.3935652402758174,0.1770107500051381
coco_000000294163,kmeans_lab,8.80058496278556,0.3,0.1,5.756620471815274,0.4165915064480391,0.18723887499800185
coco_000000300233,dsp,23.61602381430085,0.2,0.1,10.54054822694581,0.8062877175467786,0.3706221250031376
coco_000000300233,median_cut,11.288603036929038,0.2,0.1,7.503990332385995,0.4699586929401365,0.20860216700384626
coco_000000300233,kmeans_rgb,13.222706609261804,0.3,0.1,7.455838536152248,0.5531499596365711,0.09021483299875399
coco_000000300233,kmeans_lab,17.84716754535718,0.3,0.1,6.569765063236935,0.3074316549815073,0.3771850409975741
coco_000000307145,dsp,17.301122076234996,0.3,0.2,8.39721787676507,0.5774085780398029,0.24508324999624165
coco_000000307145,median_cut,10.277888680359665,0.2,0.0,6.0512532540837665,0.5555994071564098,0.08535404199938057
coco_000000307145,kmeans_rgb,10.349807274836266,0.2,0.0,6.0855705776680304,0.5441795767998906,0.03413366599852452
coco_000000307145,kmeans_lab,11.191247782655921,0.1,0.0,5.753207846943141,0.42788991468498516,0.14862108300440013
coco_000000315187,dsp,26.982046735472046,0.3,0.1,8.201397496231348,0.4660692101273728,0.36894912499701604
coco_000000315187,median_cut,3.8067544120211396,0.3,0.3,7.3307245291996885,0.2321237071357789,0.19661537500360282
coco_000000315187,kmeans_rgb,15.892667852135528,0.3,0.3,6.667258320692886,0.4330209640768204,0.12033299999893643
coco_000000315187,kmeans_lab,21.183386470453385,0.2,0.1,6.678964675277229,0.3210910251549123,0.40422837500227615
coco_000000334977,dsp,30.195582020294925,0.3,0.1,4.5598864659428955,0.4066360915967249,0.2760764580016257
coco_000000334977,median_cut,2.0123369530841084,0.4,0.0,8.5665258667236,0.6703423882789565,0.11590033300308278
coco_000000334977,kmeans_rgb,12.678067399768043,0.2,0.1,4.533590482495491,0.48031628974581436,0.10566833399934694
coco_000000334977,kmeans_lab,20.168916568316668,0.1,0.1,3.786621909423038,0.5451690472389026,0.352216708000924
coco_000000335427,dsp,27.050405869480006,0.4,0.2,10.92870055029009,0.6430890698657318,0.3500133330016979
coco_000000335427,median_cut,6.960227538895359,0.3,0.1,9.44101252503257,0.47119337004153233,0.2389036250024219
coco_000000335427,kmeans_rgb,10.60930702235305,0.3,0.2,7.780236667919205,0.5179608642546418,0.09327045799727784
coco_000000335427,kmeans_lab,11.150470251729438,0.3,0.2,7.8310396576295,0.412889669542845,0.2812300840014359
coco_000000346232,dsp,22.499763702643374,0.3,0.2,7.689759804392307,0.5028689626942231,0.34095083300053375
coco_000000346232,median_cut,2.019130735307376,0.3,0.0,5.317085981159657,0.35794914220146956,0.17596016699826578
coco_000000346232,kmeans_rgb,10.686070847604352,0.3,0.1,4.8520593992444265,0.31674979461945385,0.0738201249987469
coco_000000346232,kmeans_lab,6.54328768853535,0.3,0.2,4.955145319145871,0.48988290791332434,0.1884976250003092
coco_000000369037,dsp,20.37156848196657,0.3,0.1,6.640681032112008,0.5388672072723394,0.33364725000137696
coco_000000369037,median_cut,5.113309579191515,0.2,0.0,4.70203878952253,0.6374039101020023,0.1704922080025426
coco_000000369037,kmeans_rgb,7.913699131509757,0.2,0.1,4.509863069918924,0.43102152180592385,0.06863883399637416
coco_000000369037,kmeans_lab,8.262886251508093,0.2,0.1,4.564626037242499,0.5724961262793735,0.4022721669971361
coco_000000371472,dsp,33.744094581477874,0.3,0.2,14.54054048143183,0.41685286589348197,0.3768042500014417
coco_000000371472,median_cut,14.525279504878247,0.4,0.3,11.686252948706988,0.5565704811581482,0.28319762500177603
coco_000000371472,kmeans_rgb,15.364472459300288,0.3,0.2,11.785830406205852,0.4780527447513955,0.14418075000139652
coco_000000371472,kmeans_lab,12.271990810533028,0.2,0.2,10.9876953848892,0.489801209025788,0.41898924999986775
coco_000000380706,dsp,20.477424125337837,0.3,0.2,7.8701827011958985,0.4052225629039552,0.3365730000004987
coco_000000380706,median_cut,5.909688640552931,0.4,0.1,4.578733278265371,0.5377035493944058,0.17129545799980406
coco_000000380706,kmeans_rgb,8.648591992507566,0.3,0.1,4.110656557809177,0.5120770045208427,0.08141908299876377
coco_000000380706,kmeans_lab,8.609690029610745,0.3,0.1,4.153683567970841,0.4717659502292066,0.2416482080006972
coco_000000393093,dsp,27.744307814754688,0.1,0.0,9.745680636264506,0.5353102470397685,0.34837829200114356
coco_000000393093,median_cut,6.600126062558135,0.5,0.4,7.779942024831809,0.525875809617643,0.19233054199867183
coco_000000393093,kmeans_rgb,15.062012080090268,0.4,0.3,7.5942170918082885,0.5937213038026747,0.0730841250042431
coco_000000393093,kmeans_lab,15.309716509127307,0.4,0.3,7.334496180766172,0.7175771638802833,0.3896915419973084
coco_000000393115,dsp,26.20940651058603,0.2,0.1,11.333322284084549,0.4823999636524722,0.41568258300685557
coco_000000393115,median_cut,8.84897060018758,0.2,0.0,7.531998175659935,0.3144875785378702,0.2596821250044741
coco_000000393115,kmeans_rgb,10.667397916382104,0.2,0.1,7.4713923135949125,0.10799139703672707,0.10015962499892339
coco_000000393115,kmeans_lab,11.678054667103053,0.1,0.0,6.8013831033507754,0.27899408479992227,0.4333357919967966
coco_000000396729,dsp,15.866992255478637,0.2,0.0,3.6420740767766278,0.1052083014049493,0.4244536659971345
coco_000000396729,median_cut,1.0213372876297424,0.3,0.0,4.420749436230877,0.206790385561663,0.1546218340008636
coco_000000396729,kmeans_rgb,9.819258126030656,0.3,0.1,3.1603361377824446,0.30126245257292605,0.0648067079964676
coco_000000396729,kmeans_lab,12.362512260289312,0.3,0.1,3.1777214711023594,0.24640301538712556,0.3997001249954337
coco_000000403584,dsp,22.22762971594071,0.3,0.3,8.446679839166523,0.4972697249719529,0.43588170900329715
coco_000000403584,median_cut,11.559102567158941,0.2,0.2,6.664174265407517,0.5043309294898628,0.3483007910035667
coco_000000403584,kmeans_rgb,13.412994737757304,0.3,0.2,6.853440799957116,0.5239957983456209,0.1365777920000255
coco_000000403584,kmeans_lab,11.842207726417204,0.2,0.1,6.819696763147641,0.5659402294484134,0.4374483749998035
coco_000000412286,dsp,20.925172736451056,0.3,0.2,5.135653087451235,0.5002533462489006,0.2603327500037267
coco_000000412286,median_cut,5.442853618765049,0.1,0.0,4.758205890057098,0.6236148605784575,0.1006403749997844
coco_000000412286,kmeans_rgb,7.503320785299776,0.3,0.2,4.376952779241374,0.6415636994398847,0.047320874997240026
coco_000000412286,kmeans_lab,8.383286910016263,0.3,0.2,4.517941405248396,0.48420021797388335,0.3237823750023381
coco_000000418961,dsp,21.857588212567176,0.4,0.3,6.5260999782092926,0.6532135648954995,0.3459772080022958
coco_000000418961,median_cut,6.500511209877099,0.3,0.0,5.144983464804807,0.281514827309866,0.2560379160058801
coco_000000418961,kmeans_rgb,13.462083013305637,0.5,0.3,5.130436281063741,0.5108713456718745,0.15806175000034273
coco_000000418961,kmeans_lab,12.855868029372777,0.5,0.3,5.128818171937765,0.5360505582680269,0.3945069999972475
coco_000000423506,dsp,25.080171935195928,0.2,0.2,13.34414029223715,0.5774635980633287,0.3046116669938783
coco_000000423506,median_cut,11.573901786371986,0.1,0.0,12.316816800129837,0.6627724031996022,0.1506376250035828
coco_000000423506,kmeans_rgb,15.006769574525055,0.1,0.0,8.893258566641059,0.5812088653101705,0.0456274169991957
coco_000000423506,kmeans_lab,17.593868481605423,0.2,0.0,7.477489507499006,0.3125791127036548,0.2812152080005035
coco_000000437205,dsp,27.913368838538652,0.3,0.1,14.631011435609755,0.2745840526834563,0.3429568330029724
coco_000000437205,median_cut,10.543307968581045,0.3,0.2,12.531886015927938,0.4017998215724698,0.18101562499941792
coco_000000437205,kmeans_rgb,15.247147893328505,0.3,0.1,9.292564122648399,0.36887962633345955,0.05534362499747658
coco_000000437205,kmeans_lab,19.073775352943134,0.4,0.1,8.8509535875364,0.4077737897461978,0.3700762919979752
coco_000000438304,dsp,33.44085996863447,0.2,0.1,10.139740402283598,0.4069454689225271,0.35204079200048
coco_000000438304,median_cut,7.160846050423424,0.2,0.1,9.154555675845197,0.33166585395993864,0.19914308299485128
coco_000000438304,kmeans_rgb,16.544920590109555,0.3,0.2,8.17757969824112,0.5979377037607015,0.05999654100014595
coco_000000438304,kmeans_lab,13.77717005784034,0.2,0.2,7.507848568407122,0.2538065126644013,0.3901031659988803
coco_000000440171,dsp,26.19388577069802,0.3,0.1,11.912521650968785,0.5295037547823236,0.38933366700075567
coco_000000440171,median_cut,7.789157078474367,0.5,0.4,9.833262594903779,0.5589479203503254,0.267505625000922
coco_000000440171,kmeans_rgb,12.356615566036696,0.4,0.2,9.345961111975232,0.5088687394384882,0.09460512499936158
coco_000000440171,kmeans_lab,20.844015139247475,0.3,0.3,7.829369444276032,0.6028257284826757,0.41830887499963865
coco_000000453341,dsp,24.732354167788195,0.3,0.2,11.769714092059077,0.49466293631169594,0.4660018750000745
coco_000000453341,median_cut,10.534704304658046,0.3,0.1,8.10019569477195,0.6474394339531295,0.20241170799999963
coco_000000453341,kmeans_rgb,11.229697526870229,0.3,0.1,8.134492150559629,0.5219018239418172,0.09018945799471112
coco_000000453341,kmeans_lab,12.78114605605509,0.2,0.1,8.281558895266466,0.4130428689812719,0.3526142909977352
coco_000000462031,dsp,18.486974396019743,0.4,0.3,1.9928671888896572,0.018317041983037203,0.31403454200335545
coco_000000462031,median_cut,0.31536824582308065,0.6,0.6,4.014095321733022,0.018317743527827075,0.19587483399664052
coco_000000462031,kmeans_rgb,14.52538872966027,0.5,0.3,1.8536119746921333,0.018317041981844185,0.1244016670025303
coco_000000462031,kmeans_lab,12.768398947492058,0.5,0.3,1.8832243883281015,0.018317041984933093,0.4341032919983263
coco_000000462371,dsp,17.628743734135597,0.3,0.3,5.056493245661431,0.2642763268256515,0.29198449999967124
coco_000000462371,median_cut,4.947929008805874,0.5,0.3,5.127155895069878,0.06422151085781183,0.11937049999687588
coco_000000462371,kmeans_rgb,12.61290072006763,0.4,0.3,4.402626029168501,0.10540776172784098,0.12248987499333452
coco_000000462371,kmeans_lab,12.899273245572635,0.4,0.3,4.4022963760445935,0.04266732965650278,0.41758000000118045
coco_000000464522,dsp,27.525209832165295,0.1,0.0,12.63696678929369,0.40147654999671795,0.44746370899520116
coco_000000464522,median_cut,11.186191480701652,0.3,0.1,10.392786690667949,0.4465737354928053,0.22408762499981094
coco_000000464522,kmeans_rgb,17.542756281529012,0.2,0.1,8.458774685607416,0.4805753835546266,0.15697854199970607
coco_000000464522,kmeans_lab,17.52670820724742,0.2,0.1,8.39344901102852,0.44489843015936686,0.5448099999994156
coco_000000470779,dsp,30.198976814493303,0.2,0.1,14.153678857214418,0.5471444528213559,0.368473417001951
coco_000000470779,median_cut,9.97759922590247,0.3,0.1,7.503523369128072,0.6102192190624376,0.2107646670046961
coco_000000470779,kmeans_rgb,9.574285847209746,0.2,0.1,7.446451273498401,0.7063934900123169,0.07714962500176625
coco_000000470779,kmeans_lab,9.833298934534595,0.2,0.0,7.257953350845156,0.2790398895587868,0.3954519170001731
coco_000000494759,dsp,19.80160144569582,0.4,0.2,6.57554441185917,0.5415815934808589,0.3217369170015445
coco_000000494759,median_cut,7.536224656995591,0.1,0.0,4.126674373156162,0.40472686303539646,0.17332162499951664
coco_000000494759,kmeans_rgb,6.451137007187918,0.3,0.2,3.621091943875277,0.33336533881971475,0.06602962499891873
coco_000000494759,kmeans_lab,7.032933199820355,0.3,0.2,3.5389436530001404,0.2632710533541931,0.32468091700138757
coco_000000503841,dsp,22.914969250253396,0.2,0.1,11.876278511095032,0.605829157658371,0.563398625003174
coco_000000503841,median_cut,6.881907629155861,0.1,0.0,6.731476029016521,0.5527942051647566,0.2678861250024056
coco_000000503841,kmeans_rgb,12.784909054845555,0.3,0.1,6.101412438106623,0.5984302423548438,0.17152500000520376
coco_000000503841,kmeans_lab,13.51506831368198,0.3,0.1,5.866166087127347,0.6234193115736613,0.3482372079961351
coco_000000512330,dsp,26.36685321614746,0.3,0.2,14.521193085554701,0.4278627141205236,0.35948574999929406
coco_000000512330,median_cut,9.083230311026318,0.3,0.2,9.064969005599577,0.5908054372620131,0.22460120799951255
coco_000000512330,kmeans_rgb,12.346618319327705,0.3,0.1,8.563320665548446,0.6604535290755539,0.1055238749977434
coco_000000512330,kmeans_lab,14.250349584662006,0.2,0.1,8.728058618094808,0.4754295598038908,0.4336469169938937
coco_000000524742,dsp,32.804993725296065,0.3,0.3,12.367749236067219,0.31659389769701474,0.3598785419962951
coco_000000524742,median_cut,7.358097767316035,0.3,0.1,14.678621032583639,0.3637358456226566,0.20620245900499867
coco_000000524742,kmeans_rgb,25.221148870021793,0.4,0.0,11.150440853929881,0.32588193132000154,0.08120904100360349
coco_000000524742,kmeans_lab,25.714658100799845,0.3,0.0,10.110814333163061,0.14894923410021438,0.36895750000257976
coco_000000537355,dsp,24.921182199608324,0.4,0.2,10.23311241082881,0.6513146793375615,0.3494812909993925
coco_000000537355,median_cut,12.689918235428898,0.3,0.1,7.591119644688978,0.10954913474351928,0.1889970420015743
coco_000000537355,kmeans_rgb,13.479765053384543,0.3,0.1,7.235030000407079,0.18718884970571847,0.06851649999589426
coco_000000537355,kmeans_lab,15.025007297644386,0.2,0.1,6.685664302306627,0.33545975638466385,0.36657970800297335
coco_000000542625,dsp,32.787909592222924,0.3,0.2,14.524413566532948,0.5422872337294631,0.387814834000892
coco_000000542625,median_cut,11.993153210924893,0.2,0.1,9.624563456732929,0.5656496161503825,0.21890691600128775
coco_000000542625,kmeans_rgb,13.827287296306048,0.1,0.1,9.192657277669644,0.4781506545727634,0.09067433400196023
coco_000000542625,kmeans_lab,24.328968809681847,0.1,0.0,9.095107595869138,0.4808982205730931,0.3946047499994165
coco_000000542856,dsp,31.96459610089338,0.3,0.2,9.369862771630983,0.4734005498592464,0.34477633299684385
coco_000000542856,median_cut,10.263132167844322,0.3,0.3,8.45071412072963,0.39862924984212983,0.18807250000099884
coco_000000542856,kmeans_rgb,19.68554767947324,0.4,0.2,6.773242424402521,0.5692236744925123,0.05772925000201212
coco_000000542856,kmeans_lab,23.248073329435822,0.2,0.2,6.499214396283184,0.3833666235333226,0.35266787499858765
coco_000000544811,dsp,22.93671503593883,0.4,0.2,7.2766777400129135,0.21207078565285536,0.3598776660001022
coco_000000544811,median_cut,6.212735592551786,0.3,0.2,5.0317855705113885,0.04380180433473988,0.19021712499670684
coco_000000544811,kmeans_rgb,14.596175342900631,0.3,0.1,4.383733528033939,0.22493825951632998,0.06814012499671662
coco_000000544811,kmeans_lab,14.673395872884184,0.3,0.1,4.3642562862729894,0.04741196213935732,0.38083008399553364
coco_000000553339,dsp,17.06706454608468,0.3,0.3,6.562434209578671,0.5085804595387822,0.2755267920001643
coco_000000553339,median_cut,3.7335359779482813,0.5,0.3,6.432246098422862,0.4688559548921141,0.118999458005419
coco_000000553339,kmeans_rgb,8.946283861145425,0.4,0.2,5.613984498168622,0.5061648297046222,0.07009229099639924
coco_000000553339,kmeans_lab,13.072584248325853,0.3,0.2,5.214007025081395,0.4056781697209709,0.328989667003043
coco_000000554735,dsp,17.768233487020197,0.4,0.2,7.814823959715734,0.514153694581278,0.3654667079972569
coco_000000554735,median_cut,3.1343474282257056,0.0,0.0,5.064982113592693,0.5349276990771901,0.20200595799542498
coco_000000554735,kmeans_rgb,8.24677045930976,0.1,0.0,4.610194468703776,0.5005677947851553,0.06808824999461649
coco_000000554735,kmeans_lab,7.6036324158491935,0.1,0.0,5.0651637746228015,0.4591167121748393,0.3759834580050665
coco_000000575372,dsp,29.470623462848817,0.3,0.1,10.61615439986342,0.4149032080712532,0.3511331249974319
coco_000000575372,median_cut,6.680487559668986,0.2,0.0,6.06171454293344,0.4199239704368531,0.19475891599722672
coco_000000575372,kmeans_rgb,12.553512215352205,0.1,0.0,5.121889341464544,0.6308482436259644,0.06713875000423286
coco_000000575372,kmeans_lab,9.320270900239468,0.2,0.1,5.119773951413541,0.5539184925256875,0.3769854589991155
