image_id,method,surface_idx,on_surface_idx,surface_hex,on_surface_hex,surface_lab,on_surface_lab,role_pair_contrast,role_pair_aa,any_pair_aa,best_any_pair_contrast,best_any_pair_hex_a,best_any_pair_hex_b,wcag_replacement_applied,wcag_guaranteed,effective_mode
coco_000000005060,dsp,0,1,#fefefe,#010300,"[99.655, 0.008, 0.004]","[0.647, -0.94, 0.951]",20.5282,True,True,20.5282,#fefefe,#010300,False,True,light
coco_000000005060,kmeans_lab,3,4,#ced3cf,#231c16,"[84.078, -2.425, 1.385]","[10.891, 2.214, 5.428]",11.082,True,True,11.082,#ced3cf,#231c16,False,True,light
coco_000000005060,kmeans_rgb,4,2,#f3f6f4,#2d1b0e,"[96.615, -1.339, 0.615]","[11.78, 7.147, 11.748]",15.1406,True,True,15.1406,#2d1b0e,#f3f6f4,False,True,light
coco_000000005060,median_cut,3,2,#d1d2ca,#312315,"[83.92, -1.767, 3.842]","[15.003, 4.474, 11.962]",9.9741,True,True,9.9741,#312315,#d1d2ca,False,True,light
coco_000000007281,dsp,0,1,#a2bed4,#251210,"[75.614, -4.619, -14.164]","[7.798, 9.578, 4.861]",9.2544,True,True,9.2544,#a2bed4,#251210,False,True,light
coco_000000007281,kmeans_lab,0,4,#a3bfd5,#312725,"[75.978, -4.619, -14.152]","[16.688, 4.272, 3.073]",7.5788,True,True,7.5788,#a3bfd5,#312725,False,True,light
coco_000000007281,kmeans_rgb,2,4,#b3c6d5,#38302c,"[78.912, -3.347, -9.653]","[20.583, 2.795, 3.885]",7.3466,True,True,7.3466,#b3c6d5,#38302c,False,True,light
coco_000000007281,median_cut,4,2,#b5cad9,#5a5754,"[80.222, -3.978, -9.838]","[37.17, 0.598, 2.171]",4.2429,False,False,4.2429,#5a5754,#b5cad9,False,True,light
coco_000000008277,dsp,1,0,#fbefe3,#000000,"[95.072, 2.05, 7.243]","[0.0, 0.0, 0.0]",18.5577,True,True,18.5577,#000000,#fbefe3,False,True,light
coco_000000008277,kmeans_lab,2,3,#c6b3a2,#1a1511,"[74.097, 4.02, 11.154]","[7.194, 1.573, 3.221]",8.946,True,True,8.946,#c6b3a2,#1a1511,False,True,light
coco_000000008277,kmeans_rgb,1,3,#c9b5a3,#0d0904,"[74.894, 4.227, 11.777]","[2.617, 0.419, 2.285]",10.0402,True,True,10.0402,#c9b5a3,#0d0904,False,True,light
coco_000000008277,median_cut,4,1,#cfbba5,#251b0d,"[76.995, 3.58, 13.735]","[10.603, 2.641, 10.432]",9.1074,True,True,9.1074,#251b0d,#cfbba5,False,True,light
coco_000000021465,dsp,0,1,#ffffff,#080403,"[100.0, 0.008, 0.004]","[1.31, 0.907, 0.747]",20.408,True,True,20.408,#ffffff,#080403,False,True,light
coco_000000021465,kmeans_lab,1,2,#baced5,#44312b,"[81.503, -5.31, -5.758]","[22.302, 7.629, 7.194]",7.4867,True,True,7.4867,#baced5,#44312b,False,True,light
coco_000000021465,kmeans_rgb,3,1,#c2ccd0,#3c2e2b,"[81.406, -2.626, -3.161]","[20.397, 5.844, 4.371]",7.9378,True,True,7.9378,#3c2e2b,#c2ccd0,False,True,light
coco_000000021465,median_cut,4,1,#cfd2d1,#193b52,"[83.946, -1.198, 0.139]","[23.485, -4.038, -17.595]",7.7106,True,True,7.7106,#193b52,#cfd2d1,False,True,light
coco_000000028449,dsp,1,4,#fefefe,#121314,"[99.655, 0.008, 0.004]","[5.825, -0.176, -0.743]",18.4434,True,True,18.4434,#fefefe,#121314,False,True,light
coco_000000028449,kmeans_lab,2,0,#c0bdb6,#363636,"[76.666, -0.204, 3.906]","[22.615, 0.003, 0.001]",6.4426,True,True,6.4426,#363636,#c0bdb6,False,True,light
coco_000000028449,kmeans_rgb,4,1,#d5d2c9,#2d2e2d,"[84.203, -0.549, 4.821]","[18.806, -0.678, 0.489]",9.0187,True,True,9.0187,#2d2e2d,#d5d2c9,False,True,light
coco_000000028449,median_cut,4,1,#cccfb4,#2d2e2e,"[82.249, -5.687, 13.09]","[18.839, -0.44, -0.154]",8.5299,True,True,8.5299,#2d2e2e,#cccfb4,False,True,light
coco_000000033854,dsp,0,1,#ffffff,#030206,"[100.0, 0.008, 0.004]","[0.686, 0.818, -1.422]",20.6859,True,True,20.6859,#ffffff,#030206,False,True,light
coco_000000033854,kmeans_lab,0,1,#f7f7f7,#1f2025,"[97.232, 0.008, 0.003]","[12.338, 0.871, -3.527]",15.1769,True,True,15.1769,#f7f7f7,#1f2025,False,True,light
coco_000000033854,kmeans_rgb,0,1,#f9fafb,#1b1c21,"[98.224, -0.146, -0.59]","[10.359, 0.895, -3.59]",16.2758,True,True,16.2758,#f9fafb,#1b1c21,False,True,light
coco_000000033854,median_cut,0,1,#fdfefe,#16181e,"[99.582, -0.321, -0.112]","[8.285, 0.784, -4.512]",17.5616,True,True,17.5616,#fdfefe,#16181e,False,True,light
coco_000000035279,dsp,0,1,#000000,#fefeff,"[0.0, 0.0, 0.0]","[99.68, 0.183, -0.473]",20.8349,True,True,20.8349,#000000,#fefeff,False,True,dark
coco_000000035279,kmeans_lab,0,2,#080808,#e7f2ee,"[2.193, 0.0, 0.0]","[94.596, -4.347, 0.67]",17.4841,True,True,17.4841,#080808,#e7f2ee,False,True,dark
coco_000000035279,kmeans_rgb,0,3,#050505,#ebf6f1,"[1.371, 0.0, 0.0]","[95.965, -4.513, 1.148]",18.4256,True,True,18.4256,#050505,#ebf6f1,False,True,dark
coco_000000035279,median_cut,0,3,#000102,#f1f7ef,"[0.236, -0.122, -0.471]","[96.597, -3.386, 3.151]",19.1907,True,True,19.1907,#000102,#f1f7ef,False,True,dark
coco_000000069106,dsp,2,1,#01020b,#c3d4dd,"[0.669, 0.994, -3.508]","[83.919, -3.918, -6.383]",13.5808,True,True,13.5808,#c3d4dd,#01020b,False,True,dark
coco_000000069106,kmeans_lab,3,4,#232728,#93a4ab,"[15.284, -1.529, -1.273]","[66.286, -4.472, -5.641]",5.8456,True,True,5.8456,#232728,#93a4ab,False,True,dark
coco_000000069106,kmeans_rgb,3,4,#23292a,#99a9b0,"[16.056, -2.379, -1.552]","[68.229, -4.12, -5.499]",6.0873,True,True,6.0873,#23292a,#99a9b0,False,True,dark
coco_000000069106,median_cut,2,4,#292f30,#869192,"[18.877, -2.339, -1.526]","[59.338, -3.751, -1.891]",4.1973,False,False,4.1973,#292f30,#869192,False,True,dark
coco_000000075393,dsp,1,0,#fffffe,#3d2f17,"[99.975, -0.167, 0.48]","[20.389, 2.828, 17.706]",12.9759,True,True,12.9759,#3d2f17,#fffffe,False,True,light
coco_000000075393,kmeans_lab,0,2,#f1edd4,#362a10,"[93.46, -2.806, 12.602]","[17.817, 1.793, 18.711]",11.9052,True,True,11.9052,#f1edd4,#362a10,False,True,light
coco_000000075393,kmeans_rgb,0,2,#f5f3dc,#3b2e11,"[95.447, -3.179, 11.337]","[19.738, 1.869, 20.548]",11.822,True,True,11.822,#f5f3dc,#3b2e11,False,True,light
coco_000000075393,median_cut,4,1,#fcfbea,#413314,"[98.285, -2.541, 8.265]","[22.095, 1.985, 21.658]",11.7807,True,True,11.7807,#413314,#fcfbea,False,True,light
coco_000000085329,dsp,0,1,#040605,#fcfefd,"[1.509, -0.662, 0.194]","[99.484, -0.826, 0.249]",20.064,True,True,20.064,#040605,#fcfefd,False,True,dark
coco_000000085329,kmeans_lab,0,2,#050706,#e9e8e6,"[1.783, -0.662, 0.194]","[92.02, -0.011, 1.091]",16.4987,True,True,16.4987,#050706,#e9e8e6,False,True,dark
coco_000000085329,kmeans_rgb,0,2,#050605,#ebeae8,"[1.567, -0.4, 0.286]","[92.722, -0.011, 1.09]",16.8811,True,True,16.8811,#050605,#ebeae8,False,True,dark
coco_000000085329,median_cut,3,2,#030404,#655b57,"[1.038, -0.261, -0.092]","[39.474, 3.276, 3.77]",3.1158,False,False,3.1158,#655b57,#030404,False,True,dark
coco_000000090062,dsp,0,1,#dff1fa,#000000,"[94.098, -4.168, -6.349]","[0.0, 0.0, 0.0]",18.1001,True,True,18.1001,#dff1fa,#000000,False,True,light
coco_000000090062,kmeans_lab,2,1,#dac5aa,#191514,"[80.594, 3.152, 16.246]","[7.168, 1.685, 1.303]",10.8294,True,True,10.8294,#191514,#dac5aa,False,True,light
coco_000000090062,kmeans_rgb,4,2,#e1d1bc,#14100e,"[84.607, 2.138, 12.422]","[4.977, 1.202, 1.536]",12.6534,True,True,12.6534,#14100e,#e1d1bc,False,True,light
coco_000000090062,median_cut,4,0,#ddcbb1,#141110,"[82.517, 2.146, 15.257]","[5.303, 1.004, 0.951]",11.8593,True,True,11.8593,#141110,#ddcbb1,False,True,light
coco_000000101022,dsp,0,1,#000000,#ffffff,"[0.0, 0.0, 0.0]","[100.0, 0.008, 0.004]",21.0,True,True,21.0,#000000,#ffffff,False,True,dark
coco_000000101022,kmeans_lab,0,3,#181b12,#e9eaee,"[9.171, -3.592, 5.47]","[92.726, 0.393, -2.048]",14.5045,True,True,14.5045,#181b12,#e9eaee,False,True,dark
coco_000000101022,kmeans_rgb,0,3,#121709,#f1f1f5,"[6.875, -4.844, 6.513]","[95.247, 0.72, -1.92]",16.1781,True,True,16.1781,#121709,#f1f1f5,False,True,dark
coco_000000101022,median_cut,2,1,#0a1008,#d1cacb,"[4.089, -3.11, 2.782]","[81.897, 2.604, 0.367]",11.9407,True,True,11.9407,#d1cacb,#0a1008,False,True,dark
coco_000000104666,dsp,0,1,#010100,#fffac8,"[0.254, -0.139, 0.378]","[97.552, -6.121, 24.649]",19.6496,True,True,19.6496,#010100,#fffac8,False,True,dark
coco_000000104666,kmeans_lab,1,4,#131210,#e1c999,"[5.496, 0.003, 1.222]","[81.882, 1.433, 27.109]",11.604,True,True,11.604,#131210,#e1c999,False,True,dark
coco_000000104666,kmeans_rgb,1,4,#0d0b08,#ddcea8,"[3.093, 0.164, 1.351]","[83.095, -0.711, 20.824]",12.6051,True,True,12.6051,#0d0b08,#ddcea8,False,True,dark
coco_000000104666,median_cut,1,4,#0b0c0b,#ae9c7c,"[3.236, -0.435, 0.312]","[65.145, 1.595, 19.206]",7.3216,True,True,7.3216,#0b0c0b,#ae9c7c,False,True,dark
coco_000000107226,dsp,0,1,#eef7fe,#151619,"[96.761, -1.664, -4.375]","[7.257, 0.328, -2.253]",16.6892,True,True,16.6892,#eef7fe,#151619,False,True,light
coco_000000107226,kmeans_lab,3,1,#e4e9ed,#343237,"[92.081, -0.929, -2.516]","[21.159, 2.06, -2.843]",10.3638,True,True,10.3638,#343237,#e4e9ed,False,True,light
coco_000000107226,kmeans_rgb,2,0,#ebf1f7,#2f3c29,"[94.86, -0.882, -3.575]","[23.659, -9.687, 10.051]",10.2586,True,True,10.2586,#2f3c29,#ebf1f7,False,True,light
coco_000000107226,median_cut,3,1,#eff6fc,#273129,"[96.53, -1.204, -3.674]","[19.174, -6.256, 3.707]",12.3639,True,True,12.3639,#273129,#eff6fc,False,True,light
coco_000000117645,dsp,0,1,#8e959b,#101213,"[61.318, -1.292, -4.025]","[5.328, -0.534, -0.84]",6.192,True,True,6.192,#8e959b,#101213,False,True,light
coco_000000117645,kmeans_lab,0,3,#8d949a,#25292a,"[60.936, -1.293, -4.03]","[16.237, -1.52, -1.265]",4.7822,True,True,4.7822,#8d949a,#25292a,False,True,light
coco_000000117645,kmeans_rgb,0,3,#8c9399,#252a2a,"[60.554, -1.294, -4.035]","[16.584, -2.207, -0.755]",4.6758,True,True,4.6758,#8c9399,#252a2a,False,True,light
coco_000000117645,median_cut,3,4,#90989c,#62696e,"[62.327, -2.052, -3.088]","[43.982, -1.568, -3.719]",1.9009,False,False,1.9009,#90989c,#62696e,False,True,light
coco_000000119516,dsp,0,1,#433a32,#f5f8fd,"[25.106, 2.401, 6.422]","[97.486, -0.085, -2.735]",10.4383,True,True,10.4383,#433a32,#f5f8fd,False,True,dark
coco_000000119516,kmeans_lab,1,3,#26211e,#b8b3a0,"[13.191, 1.72, 2.896]","[72.871, -1.524, 10.342]",7.5784,True,True,7.5784,#26211e,#b8b3a0,False,True,dark
coco_000000119516,kmeans_rgb,1,4,#22211b,#dedfd8,"[12.652, -0.894, 4.238]","[88.573, -1.573, 3.309]",12.0276,True,True,12.0276,#22211b,#dedfd8,False,True,dark
coco_000000119516,median_cut,0,4,#1b1e1c,#7d7969,"[10.888, -1.919, 0.89]","[50.751, -1.415, 9.332]",3.8516,False,False,3.8516,#1b1e1c,#7d7969,False,True,dark
coco_000000145020,dsp,1,0,#fbfcf7,#010101,"[98.767, -1.194, 2.276]","[0.274, 0.0, 0.0]",20.2462,True,True,20.2462,#010101,#fbfcf7,False,True,light
coco_000000145020,kmeans_lab,1,3,#cdc6c0,#292021,"[80.277, 1.382, 3.869]","[13.317, 4.536, 0.952]",9.3999,True,True,9.3999,#cdc6c0,#292021,False,True,light
coco_000000145020,kmeans_rgb,2,3,#d9d5d2,#281e1a,"[85.501, 0.842, 1.966]","[12.314, 4.088, 4.592]",11.1544,True,True,11.1544,#d9d5d2,#281e1a,False,True,light
coco_000000145020,median_cut,4,2,#e1d8cd,#2e2d2e,"[86.764, 1.213, 6.518]","[18.605, 0.685, -0.485]",9.7359,True,True,9.7359,#2e2d2e,#e1d8cd,False,True,light
coco_000000161128,dsp,0,1,#191820,#e4dae9,"[8.69, 2.709, -5.378]","[88.218, 6.102, -6.105]",12.9975,True,True,12.9975,#191820,#e4dae9,False,True,dark
coco_000000161128,kmeans_lab,1,3,#121013,#bbbaca,"[4.934, 1.358, -1.395]","[76.037, 3.427, -7.918]",9.9071,True,True,9.9071,#121013,#bbbaca,False,True,dark
coco_000000161128,kmeans_rgb,1,4,#0c0a0d,#bcbccf,"[2.929, 1.007, -1.039]","[76.778, 3.685, -9.521]",10.5484,True,True,10.5484,#0c0a0d,#bcbccf,False,True,dark
coco_000000161128,median_cut,1,0,#16080b,#a2afc9,"[3.328, 5.242, 0.553]","[71.254, 0.998, -14.716]",8.8589,True,True,8.8589,#a2afc9,#16080b,False,True,dark
coco_000000162543,dsp,1,4,#000100,#ccae8b,"[0.196, -0.401, 0.286]","[72.874, 5.747, 22.022]",9.9515,True,True,9.9515,#000100,#ccae8b,True,True,dark
coco_000000162543,kmeans_lab,1,0,#f7f9f6,#181d17,"[97.704, -1.181, 1.207]","[10.067, -3.877, 3.365]",16.1667,True,True,16.1667,#181d17,#f7f9f6,False,True,light
coco_000000162543,kmeans_rgb,2,0,#f7fbf9,#141a10,"[98.276, -1.663, 0.498]","[8.35, -5.209, 5.399]",16.9805,True,True,16.9805,#141a10,#f7fbf9,False,True,light
coco_000000162543,median_cut,2,0,#0e150d,#edeee7,"[5.95, -4.269, 3.389]","[93.85, -1.554, 3.268]",15.891,True,True,15.891,#edeee7,#0e150d,False,True,dark
coco_000000166287,dsp,0,1,#828899,#020507,"[56.737, 1.453, -9.793]","[1.236, -0.506, -1.033]",5.7729,True,True,5.7729,#828899,#020507,False,True,light
coco_000000166287,kmeans_lab,0,3,#768394,#141311,"[54.262, -0.904, -10.708]","[5.916, 0.002, 1.278]",4.8139,True,True,4.8139,#768394,#141311,False,True,light
coco_000000166287,kmeans_rgb,0,4,#758395,#12110e,"[54.222, -0.999, -11.355]","[5.069, -0.173, 1.649]",4.8882,True,True,4.8882,#758395,#12110e,False,True,light
coco_000000166287,median_cut,4,0,#7a8899,#2e271b,"[56.134, -1.25, -10.759]","[16.059, 0.995, 9.145]",4.0846,False,False,4.0846,#2e271b,#7a8899,False,True,light
coco_000000168974,dsp,1,4,#0a0809,#eaf0fb,"[2.33, 0.663, -0.194]","[94.644, 0.05, -5.976]",17.4551,True,True,17.4551,#0a0809,#eaf0fb,False,True,dark
coco_000000168974,kmeans_lab,0,4,#302521,#c0b4b4,"[15.806, 4.423, 4.628]","[74.282, 4.264, 1.534]",7.3845,True,True,7.3845,#302521,#c0b4b4,False,True,dark
coco_000000168974,kmeans_rgb,1,4,#231913,#c0b6b9,"[9.795, 3.877, 5.915]","[74.929, 4.079, -0.251]",8.7162,True,True,8.7162,#231913,#c0b6b9,False,True,dark
coco_000000168974,median_cut,1,0,#231b16,#8b90a1,"[10.551, 2.942, 4.953]","[59.897, 1.763, -9.572]",5.3247,True,True,5.3247,#8b90a1,#231b16,False,True,dark
coco_000000169169,dsp,0,1,#fefefe,#05090b,"[99.655, 0.008, 0.004]","[2.275, -0.764, -1.135]",19.8237,True,True,19.8237,#fefefe,#05090b,False,True,light
coco_000000169169,kmeans_lab,2,1,#dddfdc,#303133,"[88.598, -1.206, 1.233]","[20.298, 0.046, -1.423]",9.7116,True,True,9.7116,#303133,#dddfdc,False,True,light
coco_000000169169,kmeans_rgb,3,0,#f0f2e6,#2b332e,"[95.052, -2.743, 5.555]","[20.356, -4.649, 2.025]",11.4802,True,True,11.4802,#2b332e,#f0f2e6,False,True,light
coco_000000169169,median_cut,4,0,#f3f5e0,#1a3a3a,"[95.889, -4.233, 9.886]","[22.129, -11.733, -3.639]",11.0793,True,True,11.0793,#1a3a3a,#f3f5e0,False,True,light
coco_000000184400,dsp,0,1,#96a8b4,#15151a,"[67.862, -3.709, -8.287]","[6.958, 1.299, -3.461]",7.4146,True,True,7.4146,#96a8b4,#15151a,False,True,light
coco_000000184400,kmeans_lab,2,0,#b1bcc0,#35383f,"[75.526, -2.999, -3.323]","[23.486, 0.466, -4.778]",6.0508,True,True,6.0508,#35383f,#b1bcc0,False,True,light
coco_000000184400,kmeans_rgb,0,2,#a0afb8,#222226,"[70.59, -3.349, -6.37]","[13.376, 1.029, -2.673]",7.0341,True,True,7.0341,#a0afb8,#222226,False,True,light
coco_000000184400,median_cut,4,2,#b0bcc1,#272b35,"[75.48, -3.136, -3.942]","[17.535, 0.974, -7.021]",7.2877,True,True,7.2877,#272b35,#b0bcc1,False,True,light
coco_000000186632,dsp,0,1,#fefefd,#090708,"[99.63, -0.167, 0.48]","[2.056, 0.663, -0.194]",19.9034,True,True,19.9034,#fefefd,#090708,False,True,light
coco_000000186632,kmeans_lab,3,0,#ede6cc,#1b1716,"[91.215, -1.906, 13.527]","[8.162, 1.759, 1.404]",14.2211,True,True,14.2211,#1b1716,#ede6cc,False,True,light
coco_000000186632,kmeans_rgb,4,0,#e9e2ca,#1b1612,"[89.85, -1.595, 12.59]","[7.683, 1.626, 3.354]",13.8417,True,True,13.8417,#1b1612,#e9e2ca,False,True,light
coco_000000186632,median_cut,4,0,#e6dbbf,#151212,"[87.605, -0.769, 15.137]","[5.742, 1.251, 0.441]",13.5294,True,True,13.5294,#151212,#e6dbbf,False,True,light
coco_000000187249,dsp,0,1,#020202,#fdfefc,"[0.548, 0.0, 0.0]","[99.532, -0.672, 0.841]",20.5099,True,True,20.5099,#020202,#fdfefc,False,True,dark
coco_000000187249,kmeans_lab,0,3,#0c0e0d,#b6b6c2,"[3.806, -0.783, 0.241]","[74.379, 2.309, -6.062]",9.6464,True,True,9.6464,#0c0e0d,#b6b6c2,False,True,dark
coco_000000187249,kmeans_rgb,0,4,#040504,#d7d4e4,"[1.293, -0.4, 0.286]","[85.572, 3.994, -7.489]",14.0256,True,True,14.0256,#040504,#d7d4e4,False,True,dark
coco_000000187249,median_cut,3,2,#010203,#757677,"[0.51, -0.122, -0.471]","[49.582, -0.171, -0.68]",4.5626,True,True,4.5626,#757677,#010203,False,True,dark
coco_000000190923,dsp,1,2,#ffffff,#170d14,"[100.0, 0.008, 0.004]","[4.702, 5.277, -2.325]",19.02,True,True,19.02,#ffffff,#170d14,False,True,light
coco_000000190923,kmeans_lab,0,2,#bab5b2,#1c1f24,"[73.998, 1.226, 2.153]","[11.65, 0.006, -3.858]",8.1365,True,True,8.1365,#bab5b2,#1c1f24,False,True,light
coco_000000190923,kmeans_rgb,4,3,#f2efec,#181e1f,"[94.597, 0.486, 1.805]","[10.716, -2.461, -1.609]",14.7334,True,True,14.7334,#181e1f,#f2efec,False,True,light
coco_000000190923,median_cut,0,1,#bcb9b5,#1f2826,"[75.28, 0.331, 2.4]","[15.216, -4.471, 0.006]",7.7316,True,True,7.7316,#bcb9b5,#1f2826,False,True,light
coco_000000213035,dsp,0,1,#010101,#f9e4da,"[0.274, 0.0, 0.0]","[91.993, 5.547, 7.471]",17.0343,True,True,17.0343,#010101,#f9e4da,False,True,dark
coco_000000213035,kmeans_lab,1,2,#060608,#dfbbad,"[1.685, 0.279, -0.757]","[78.605, 10.751, 11.899]",11.4231,True,True,11.4231,#060608,#dfbbad,False,True,dark
coco_000000213035,kmeans_rgb,1,2,#030304,#e0bcae,"[0.842, 0.139, -0.378]","[78.966, 10.737, 11.886]",11.7547,True,True,11.7547,#030304,#e0bcae,False,True,dark
coco_000000213035,median_cut,1,3,#030203,#e0bdaf,"[0.626, 0.401, -0.286]","[79.235, 10.351, 11.729]",11.9024,True,True,11.9024,#030203,#e0bdaf,False,True,dark
coco_000000228214,dsp,1,0,#050209,#e9e9e9,"[0.862, 1.758, -2.373]","[92.347, 0.007, 0.003]",16.9731,True,True,16.9731,#e9e9e9,#050209,False,True,dark
coco_000000228214,kmeans_lab,0,1,#121117,#c0d0cd,"[5.342, 1.741, -3.559]","[82.231, -5.962, -0.366]",11.7549,True,True,11.7549,#121117,#c0d0cd,False,True,dark
coco_000000228214,kmeans_rgb,0,3,#0c0911,#dde2e1,"[2.836, 2.132, -3.296]","[89.487, -1.851, -0.096]",15.0924,True,True,15.0924,#0c0911,#dde2e1,False,True,dark
coco_000000228214,median_cut,1,0,#06060e,#c7d6d4,"[1.813, 1.178, -3.205]","[84.478, -5.409, -0.747]",13.4576,True,True,13.4576,#c7d6d4,#06060e,False,True,dark
coco_000000233370,dsp,1,0,#f5f7f4,#000000,"[97.01, -1.182, 1.209]","[0.0, 0.0, 0.0]",19.4931,True,True,19.4931,#000000,#f5f7f4,False,True,light
coco_000000233370,kmeans_lab,2,0,#cbc3b6,#060503,"[79.101, 0.555, 7.527]","[1.39, -0.016, 0.849]",11.662,True,True,11.662,#060503,#cbc3b6,False,True,light
coco_000000233370,kmeans_rgb,3,0,#d0c7bb,#060503,"[80.652, 1.075, 7.123]","[1.39, -0.016, 0.849]",12.1938,True,True,12.1938,#060503,#d0c7bb,False,True,light
coco_000000233370,median_cut,4,0,#d3cbbf,#040403,"[82.013, 0.711, 6.97]","[1.077, -0.139, 0.379]",12.7602,True,True,12.7602,#040403,#d3cbbf,False,True,light
coco_000000236690,dsp,3,1,#000e24,#fbfbfb,"[3.988, 2.29, -15.807]","[98.618, 0.008, 0.003]",18.6473,True,True,18.6473,#fbfbfb,#000e24,False,True,dark
coco_000000236690,kmeans_lab,2,4,#042747,#ced1d6,"[15.125, 1.846, -23.412]","[83.745, -0.086, -2.824]",9.8932,True,True,9.8932,#042747,#ced1d6,False,True,dark
coco_000000236690,kmeans_rgb,2,4,#02294b,#d3d5da,"[16.038, 1.94, -24.698]","[85.25, 0.249, -2.695]",10.0607,True,True,10.0607,#02294b,#d3d5da,False,True,dark
coco_000000236690,median_cut,1,3,#003863,#5997c3,"[22.755, 1.893, -29.937]","[60.066, -7.355, -28.844]",3.803,False,False,3.803,#003863,#5997c3,False,True,dark
coco_000000244379,dsp,1,0,#fcfde1,#000000,"[98.584, -4.986, 13.305]","[0.0, 0.0, 0.0]",20.2764,True,True,20.2764,#000000,#fcfde1,False,True,light
coco_000000244379,kmeans_lab,0,3,#e2e3d3,#0e0a07,"[89.771, -3.107, 7.699]","[2.943, 0.752, 1.547]",15.1734,True,True,15.1734,#e2e3d3,#0e0a07,False,True,light
coco_000000244379,kmeans_rgb,2,1,#e5e6d6,#14100c,"[90.829, -3.1, 7.68]","[4.931, 0.874, 2.427]",14.9854,True,True,14.9854,#14100c,#e5e6d6,False,True,light
coco_000000244379,median_cut,4,0,#eff0dc,#141210,"[94.243, -3.738, 9.557]","[5.589, 0.419, 1.369]",16.167,True,True,16.167,#141210,#eff0dc,False,True,light
coco_000000252216,dsp,1,2,#f9ecd9,#060603,"[93.944, 1.294, 10.785]","[1.586, -0.417, 1.135]",17.4166,True,True,17.4166,#f9ecd9,#060603,False,True,light
coco_000000252216,kmeans_lab,4,3,#d3be9f,#211f12,"[77.981, 2.631, 18.39]","[11.6, -1.693, 9.023]",9.1664,True,True,9.1664,#211f12,#d3be9f,False,True,light
coco_000000252216,kmeans_rgb,0,3,#c0bfba,#27260f,"[77.289, -0.555, 2.643]","[14.691, -3.717, 14.972]",8.3206,True,True,8.3206,#c0bfba,#27260f,False,True,light
coco_000000252216,median_cut,4,2,#cac6bf,#323018,"[80.014, 0.149, 3.995]","[19.466, -3.437, 15.651]",7.8527,True,True,7.8527,#323018,#cac6bf,False,True,light
coco_000000255749,dsp,0,1,#000000,#ffffff,"[0.0, 0.0, 0.0]","[100.0, 0.008, 0.004]",21.0,True,True,21.0,#000000,#ffffff,False,True,dark
coco_000000255749,kmeans_lab,0,4,#040404,#cfcfcf,"[1.097, 0.0, 0.0]","[83.124, 0.007, 0.003]",13.1597,True,True,13.1597,#040404,#cfcfcf,False,True,dark
coco_000000255749,kmeans_rgb,0,4,#020202,#cfcfcf,"[0.548, 0.0, 0.0]","[83.124, 0.007, 0.003]",13.3175,True,True,13.3175,#020202,#cfcfcf,False,True,dark
coco_000000255749,median_cut,0,4,#000000,#757575,"[0.0, 0.0, 0.0]","[49.239, 0.004, 0.002]",4.5578,True,True,4.5578,#000000,#757575,False,True,dark
coco_000000262487,dsp,1,4,#f8fcfa,#181b20,"[98.622, -1.662, 0.497]","[9.659, 0.022, -3.925]",16.6843,True,True,16.6843,#f8fcfa,#181b20,False,True,light
coco_000000262487,kmeans_lab,2,4,#e7e0e8,#3e3341,"[89.918, 3.799, -3.049]","[22.908, 7.999, -6.898]",9.2468,True,True,9.2468,#e7e0e8,#3e3341,False,True,light
coco_000000262487,kmeans_rgb,2,3,#efe9f0,#3b3038,"[92.979, 3.26, -2.665]","[21.317, 6.669, -3.208]",10.5556,True,True,10.5556,#efe9f0,#3b3038,False,True,light
coco_000000262487,median_cut,4,3,#c6b9bd,#6a464b,"[76.301, 5.305, -0.364]","[33.884, 16.242, 3.32]",4.2755,False,False,4.2755,#6a464b,#c6b9bd,False,True,light
coco_000000275791,dsp,4,1,#d1b374,#040302,"[74.226, 2.425, 36.108]","[0.861, 0.123, 0.471]",10.2165,True,True,10.2165,#040302,#d1b374,False,True,light
coco_000000275791,kmeans_lab,2,1,#c1b5a9,#2b262a,"[74.349, 2.21, 7.643]","[15.835, 3.245, -1.789]",7.3935,True,True,7.3935,#2b262a,#c1b5a9,False,True,light
coco_000000275791,kmeans_rgb,3,1,#d2cbc3,#312b29,"[82.03, 1.032, 4.848]","[18.102, 2.313, 2.3]",8.6667,True,True,8.6667,#312b29,#d2cbc3,False,True,light
coco_000000275791,median_cut,4,1,#c8c3be,#2d2a2c,"[79.057, 0.854, 3.127]","[17.44, 1.829, -0.811]",8.1165,True,True,8.1165,#2d2a2c,#c8c3be,False,True,light
coco_000000281693,dsp,1,0,#fffdf7,#000000,"[99.31, -0.365, 3.101]","[0.0, 0.0, 0.0]",20.6452,True,True,20.6452,#000000,#fffdf7,False,True,light
coco_000000281693,kmeans_lab,0,3,#b0b2af,#110f12,"[72.339, -1.259, 1.285]","[4.557, 1.298, -1.334]",8.932,True,True,8.932,#b0b2af,#110f12,False,True,light
coco_000000281693,kmeans_rgb,3,1,#ece7da,#222207,"[91.706, -0.525, 6.923]","[12.605, -4.646, 15.676]",13.0852,True,True,13.0852,#222207,#ece7da,False,True,light
coco_000000281693,median_cut,4,0,#e8e3d6,#281e0b,"[90.298, -0.525, 6.947]","[11.983, 1.942, 13.313]",12.7969,True,True,12.7969,#281e0b,#e8e3d6,False,True,light
coco_000000283520,dsp,1,3,#bae8f9,#181216,"[89.389, -11.04, -13.08]","[6.185, 3.564, -1.525]",14.0714,True,True,14.0714,#bae8f9,#181216,False,True,light
coco_000000283520,kmeans_lab,3,0,#b3aca4,#323431,"[70.711, 1.077, 5.003]","[21.416, -1.563, 1.595]",5.5972,True,True,5.5972,#323431,#b3aca4,False,True,light
coco_000000283520,kmeans_rgb,4,1,#c0bcb5,#293227,"[76.381, 0.153, 4.035]","[19.635, -6.48, 5.748]",7.0273,True,True,7.0273,#293227,#c0bcb5,False,True,light
coco_000000283520,median_cut,2,0,#273327,#a2a798,"[19.824, -7.997, 5.989]","[67.714, -4.559, 7.148]",5.3598,True,True,5.3598,#a2a798,#273327,False,True,dark
coco_000000284106,dsp,0,1,#000000,#f0d9c2,"[0.0, 0.0, 0.0]","[87.991, 4.342, 14.224]",15.4092,True,True,15.4092,#000000,#f0d9c2,False,True,dark
coco_000000284106,kmeans_lab,0,2,#16110b,#cfab87,"[5.38, 1.049, 3.551]","[72.322, 8.04, 23.48]",8.7819,True,True,8.7819,#16110b,#cfab87,False,True,dark
coco_000000284106,kmeans_rgb,0,3,#0c0705,#d3b493,"[2.178, 1.059, 1.228]","[75.201, 6.313, 20.995]",10.2265,True,True,10.2265,#0c0705,#d3b493,False,True,dark
coco_000000284106,median_cut,0,4,#090705,#d6b897,"[1.996, 0.245, 0.941]","[76.565, 5.872, 20.764]",10.6898,True,True,10.6898,#090705,#d6b897,False,True,dark
coco_000000288762,dsp,0,1,#eef9fe,#05050f,"[97.262, -2.677, -3.638]","[1.583, 1.494, -4.064]",18.9524,True,True,18.9524,#eef9fe,#05050f,False,True,light
coco_000000288762,kmeans_lab,1,3,#e6eef1,#564914,"[93.591, -2.093, -2.367]","[31.333, -1.174, 32.234]",7.5736,True,True,7.5736,#e6eef1,#564914,False,True,light
coco_000000288762,kmeans_rgb,1,3,#e4edf4,#51430d,"[93.274, -1.674, -4.408]","[28.883, -0.382, 32.752]",8.2087,True,True,8.2087,#e4edf4,#51430d,False,True,light
coco_000000288762,median_cut,2,1,#eef8fc,#7a5e33,"[96.959, -2.542, -3.051]","[41.817, 5.913, 28.761]",5.6001,True,True,5.6001,#7a5e33,#eef8fc,False,True,light
coco_000000294163,dsp,1,2,#fef9d7,#191313,"[97.522, -3.82, 16.944]","[6.499, 2.766, 0.975]",17.2619,True,True,17.2619,#fef9d7,#191313,False,True,light
coco_000000294163,kmeans_lab,4,3,#dad2c7,#313340,"[84.547, 0.869, 6.429]","[21.546, 2.523, -8.41]",8.357,True,True,8.357,#313340,#dad2c7,False,True,light
coco_000000294163,kmeans_rgb,4,3,#ddd9d2,#272b40,"[86.825, 0.143, 3.927]","[18.05, 4.386, -13.851]",9.9148,True,True,9.9148,#272b40,#ddd9d2,False,True,light
coco_000000294163,median_cut,2,3,#4b89dc,#1130a6,"[56.639, 6.258, -48.298]","[26.696, 36.642, -65.448]",2.9595,False,False,2.9595,#4b89dc,#1130a6,False,True,light
coco_000000300233,dsp,1,0,#fcfefd,#21211b,"[99.484, -0.826, 0.249]","[12.545, -1.39, 4.073]",15.9735,True,True,15.9735,#21211b,#fcfefd,False,True,light
coco_000000300233,kmeans_lab,3,2,#d7d5c8,#28251e,"[85.101, -1.579, 6.666]","[14.779, -0.111, 5.173]",10.3678,True,True,10.3678,#28251e,#d7d5c8,False,True,light
coco_000000300233,kmeans_rgb,4,2,#ddded5,#272a1b,"[88.17, -1.923, 4.292]","[16.337, -4.585, 9.388]",10.803,True,True,10.803,#272a1b,#ddded5,False,True,light
coco_000000300233,median_cut,4,1,#cbcec5,#2c2f2a,"[82.309, -2.645, 4.115]","[18.953, -2.494, 2.762]",8.5151,True,True,8.5151,#2c2f2a,#cbcec5,False,True,light
coco_000000307145,dsp,0,1,#2d1e09,#dfc5a9,"[12.647, 4.552, 15.155]","[81.008, 4.886, 17.422]",9.7577,True,True,9.7577,#2d1e09,#dfc5a9,False,True,dark
coco_000000307145,kmeans_lab,3,2,#2b190f,#a68566,"[10.873, 7.605, 9.93]","[57.886, 8.217, 21.505]",4.9399,True,True,4.9399,#a68566,#2b190f,False,True,dark
coco_000000307145,kmeans_rgb,1,4,#34130d,#bea183,"[10.74, 16.057, 10.988]","[68.076, 6.194, 19.605]",6.9199,True,True,6.9199,#34130d,#bea183,False,True,dark
coco_000000307145,median_cut,1,4,#36150e,#b79979,"[11.637, 15.828, 11.797]","[65.145, 6.461, 21.001]",6.1757,True,True,6.1757,#36150e,#b79979,False,True,dark
coco_000000315187,dsp,0,1,#e5edf8,#000000,"[93.452, -0.594, -6.218]","[0.0, 0.0, 0.0]",17.8007,True,True,17.8007,#e5edf8,#000000,False,True,light
coco_000000315187,kmeans_lab,0,2,#e0e8f3,#232a30,"[91.699, -0.594, -6.242]","[16.634, -1.381, -4.917]",11.7664,True,True,11.7664,#e0e8f3,#232a30,False,True,light
coco_000000315187,kmeans_rgb,0,4,#e1e8f3,#13171b,"[91.771, -0.271, -6.128]","[7.501, -0.674, -3.441]",14.6117,True,True,14.6117,#e1e8f3,#13171b,False,True,light
coco_000000315187,median_cut,4,2,#eef3f8,#3a3b3f,"[95.604, -0.739, -2.975]","[24.91, 0.521, -2.612]",10.0205,True,True,10.0205,#3a3b3f,#eef3f8,False,True,light
coco_000000334977,dsp,0,1,#f2f2f2,#000000,"[95.494, 0.007, 0.003]","[0.0, 0.0, 0.0]",18.7585,True,True,18.7585,#f2f2f2,#000000,False,True,light
coco_000000334977,kmeans_lab,0,2,#efefef,#232323,"[94.447, 0.007, 0.003]","[13.714, 0.002, 0.001]",13.6685,True,True,13.6685,#efefef,#232323,False,True,light
coco_000000334977,kmeans_rgb,0,3,#f1f0f0,#162318,"[94.871, 0.34, 0.121]","[12.212, -8.616, 5.62]",14.3373,True,True,14.3373,#f1f0f0,#162318,False,True,light
coco_000000334977,median_cut,3,1,#f9fbfb,#9d4556,"[98.472, -0.651, -0.228]","[41.369, 38.317, 8.069]",5.9135,True,True,5.9135,#9d4556,#f9fbfb,False,True,light
coco_000000335427,dsp,0,1,#fefefe,#010604,"[99.655, 0.008, 0.004]","[1.314, -1.586, 0.296]",20.2334,True,True,20.2334,#fefefe,#010604,False,True,light
coco_000000335427,kmeans_lab,0,3,#e8e9eb,#283519,"[92.323, 0.032, -1.083]","[20.312, -11.402, 15.875]",10.7136,True,True,10.7136,#e8e9eb,#283519,False,True,light
coco_000000335427,kmeans_rgb,1,4,#eaeaed,#213310,"[92.774, 0.544, -1.448]","[18.922, -14.717, 19.518]",11.3157,True,True,11.3157,#eaeaed,#213310,False,True,light
coco_000000335427,median_cut,4,1,#f4f5f7,#48532a,"[96.514, 0.031, -1.072]","[33.417, -11.907, 22.494]",7.5603,True,True,7.5603,#48532a,#f4f5f7,False,True,light
coco_000000346232,dsp,0,1,#d6dffc,#0c0b11,"[88.97, 2.685, -15.093]","[3.234, 1.32, -2.716]",14.763,True,True,14.763,#d6dffc,#0c0b11,False,True,light
coco_000000346232,kmeans_lab,1,3,#d2ddfb,#382f42,"[88.151, 2.281, -15.825]","[21.083, 8.551, -10.406]",9.3599,True,True,9.3599,#d2ddfb,#382f42,False,True,light
coco_000000346232,kmeans_rgb,0,4,#cdd8f8,#282134,"[86.439, 2.726, -16.853]","[14.326, 8.21, -11.218]",10.8842,True,True,10.8842,#cdd8f8,#282134,False,True,light
coco_000000346232,median_cut,3,2,#d9e1fc,#4e4565,"[89.687, 2.579, -13.996]","[31.383, 11.35, -17.347]",6.8241,True,True,6.8241,#4e4565,#d9e1fc,False,True,light
coco_000000369037,dsp,0,1,#030303,#c8c6bd,"[0.823, 0.0, 0.0]","[79.808, -0.905, 4.751]",12.0489,True,True,12.0489,#030303,#c8c6bd,False,True,dark
coco_000000369037,kmeans_lab,0,4,#0d0d0d,#aa9d8a,"[3.636, 0.001, 0.0]","[65.354, 1.548, 11.665]",7.3105,True,True,7.3105,#0d0d0d,#aa9d8a,False,True,dark
coco_000000369037,kmeans_rgb,0,4,#0c0b0a,#a7a093,"[3.066, 0.142, 0.489]","[66.108, 0.234, 7.683]",7.5783,True,True,7.5783,#0c0b0a,#a7a093,False,True,dark
coco_000000369037,median_cut,0,4,#090808,#87867e,"[2.252, 0.262, 0.092]","[55.794, -1.15, 4.438]",5.4688,True,True,5.4688,#090808,#87867e,False,True,dark
coco_000000371472,dsp,1,0,#fdfc61,#010200,"[96.561, -18.106, 71.837]","[0.45, -0.54, 0.665]",19.083,True,True,19.083,#010200,#fdfc61,False,True,light
coco_000000371472,kmeans_lab,4,0,#ddcb8d,#211e17,"[81.842, -2.608, 33.241]","[11.371, -0.08, 5.332]",10.2961,True,True,10.2961,#211e17,#ddcb8d,False,True,light
coco_000000371472,kmeans_rgb,3,0,#e1cf88,#211f15,"[83.131, -3.658, 37.55]","[11.671, -1.172, 7.175]",10.6034,True,True,10.6034,#211f15,#e1cf88,False,True,light
coco_000000371472,median_cut,3,2,#f5d15f,#121711,"[84.915, -0.129, 59.857]","[7.063, -3.527, 2.93]",12.252,True,True,12.252,#121711,#f5d15f,False,True,light
coco_000000380706,dsp,0,1,#000000,#cdd2d4,"[0.0, 0.0, 0.0]","[83.875, -1.32, -1.578]",13.7652,True,True,13.7652,#000000,#cdd2d4,False,True,dark
coco_000000380706,kmeans_lab,0,3,#070707,#a7a6a2,"[1.919, 0.0, 0.0]","[68.092, -0.384, 2.195]",8.268,True,True,8.268,#070707,#a7a6a2,False,True,dark
coco_000000380706,kmeans_rgb,0,4,#040405,#a5a5a1,"[1.116, 0.139, -0.378]","[67.638, -0.745, 2.071]",8.2916,True,True,8.2916,#040405,#a5a5a1,False,True,dark
coco_000000380706,median_cut,0,4,#010202,#a8a7a3,"[0.49, -0.261, -0.092]","[68.465, -0.384, 2.192]",8.6277,True,True,8.6277,#010202,#a8a7a3,False,True,dark
coco_000000393093,dsp,0,1,#ffffff,#010100,"[100.0, 0.008, 0.004]","[0.254, -0.139, 0.378]",20.8824,True,True,20.8824,#ffffff,#010100,False,True,light
coco_000000393093,kmeans_lab,1,0,#f5f6f8,#151517,"[96.862, 0.031, -1.071]","[6.844, 0.491, -1.332]",16.8648,True,True,16.8648,#151517,#f5f6f8,False,True,light
coco_000000393093,kmeans_rgb,1,0,#f2f5f8,#131415,"[96.393, -0.447, -1.783]","[6.259, -0.184, -0.774]",16.856,True,True,16.856,#131415,#f2f5f8,False,True,light
coco_000000393093,median_cut,3,0,#fefefe,#101516,"[99.655, 0.008, 0.004]","[6.363, -1.755, -1.356]",18.2508,True,True,18.2508,#101516,#fefefe,False,True,light
coco_000000393115,dsp,4,1,#8ca940,#040402,"[65.217, -25.794, 49.475]","[1.057, -0.278, 0.757]",7.6845,True,True,7.6845,#040402,#8ca940,False,True,light
coco_000000393115,kmeans_lab,2,0,#221e1b,#97959a,"[11.605, 1.25, 2.755]","[62.004, 1.705, -2.367]",5.5779,True,True,5.5779,#97959a,#221e1b,False,True,dark
coco_000000393115,kmeans_rgb,2,4,#231f1c,#b0acae,"[12.098, 1.242, 2.742]","[70.727, 1.799, -0.517]",7.287,True,True,7.287,#231f1c,#b0acae,False,True,dark
coco_000000393115,median_cut,1,4,#272321,#a3a39d,"[14.077, 1.429, 2.021]","[66.836, -1.117, 3.114]",6.1418,True,True,6.1418,#272321,#a3a39d,False,True,dark
coco_000000396729,dsp,0,1,#c3c3c5,#000001,"[78.847, 0.376, -0.998]","[0.02, 0.139, -0.378]",11.9275,True,True,11.9275,#c3c3c5,#000001,False,True,light
coco_000000396729,kmeans_lab,0,4,#bcbcbe,#191919,"[76.299, 0.379, -1.005]","[8.757, 0.002, 0.001]",9.2723,True,True,9.2723,#bcbcbe,#191919,False,True,light
coco_000000396729,kmeans_rgb,0,4,#bcbcbe,#151415,"[76.299, 0.379, -1.005]","[6.448, 0.666, -0.474]",9.6914,True,True,9.6914,#bcbcbe,#151415,False,True,light
coco_000000396729,median_cut,4,1,#c4c4c6,#4c4742,"[79.21, 0.376, -0.997]","[30.488, 1.082, 3.759]",5.272,True,True,5.272,#4c4742,#c4c4c6,False,True,light
coco_000000403584,dsp,0,1,#000000,#e9f6cd,"[0.0, 0.0, 0.0]","[95.01, -11.215, 18.315]",18.5286,True,True,18.5286,#000000,#e9f6cd,False,True,dark
coco_000000403584,kmeans_lab,0,4,#0f0b08,#b1b98a,"[3.238, 0.812, 1.579]","[73.468, -10.728, 22.991]",9.4953,True,True,9.4953,#0f0b08,#b1b98a,False,True,dark
coco_000000403584,kmeans_rgb,0,4,#0d0906,#bfc79a,"[2.656, 0.697, 1.528]","[78.611, -10.346, 21.671]",11.1929,True,True,11.1929,#0d0906,#bfc79a,False,True,dark
coco_000000403584,median_cut,1,4,#080705,#adb588,"[1.938, -0.016, 0.849]","[72.034, -10.463, 22.062]",9.3411,True,True,9.3411,#080705,#adb588,False,True,dark
coco_000000412286,dsp,3,1,#3e2119,#faf7fe,"[16.415, 12.954, 11.405]","[97.633, 2.238, -2.993]",13.7846,True,True,13.7846,#faf7fe,#3e2119,False,True,dark
coco_000000412286,kmeans_lab,2,4,#161815,#d5ced5,"[7.931, -1.705, 1.702]","[83.491, 3.676, -2.602]",11.5844,True,True,11.5844,#161815,#d5ced5,False,True,dark
coco_000000412286,kmeans_rgb,2,4,#101511,#d7d0d7,"[6.205, -2.863, 1.658]","[84.207, 3.669, -2.598]",12.2148,True,True,12.2148,#101511,#d7d0d7,False,True,dark
coco_000000412286,median_cut,2,4,#141c1b,#918d86,"[9.468, -3.935, -0.515]","[58.78, 0.175, 4.257]",5.2474,True,True,5.2474,#141c1b,#918d86,False,True,dark
coco_000000418961,dsp,0,1,#1e150c,#fefcdc,"[7.578, 2.962, 6.431]","[98.376, -4.566, 15.589]",17.2736,True,True,17.2736,#1e150c,#fefcdc,False,True,dark
coco_000000418961,kmeans_lab,0,4,#1e150c,#eee2bc,"[7.578, 2.962, 6.431]","[89.952, -1.883, 20.084]",13.9069,True,True,13.9069,#1e150c,#eee2bc,False,True,dark
coco_000000418961,kmeans_rgb,0,4,#1c130a,#f1e6bf,"[6.635, 2.802, 5.883]","[91.26, -2.397, 20.383]",14.6579,True,True,14.6579,#1c130a,#f1e6bf,False,True,dark
coco_000000418961,median_cut,2,4,#100b06,#bc9256,"[3.276, 0.883, 2.459]","[63.278, 8.633, 37.603]",6.8848,True,True,6.8848,#100b06,#bc9256,False,True,dark
coco_000000423506,dsp,4,1,#e4d3ba,#050000,"[85.316, 1.889, 14.516]","[0.291, 1.308, 0.461]",14.2337,True,True,14.2337,#050000,#e4d3ba,False,True,light
coco_000000423506,kmeans_lab,0,4,#ba7e73,#1d1512,"[58.601, 21.897, 15.455]","[7.599, 3.434, 3.262]",5.4096,True,True,5.4096,#ba7e73,#1d1512,False,True,light
coco_000000423506,kmeans_rgb,3,2,#c3918d,#261611,"[64.784, 18.313, 9.52]","[9.209, 7.358, 6.356]",6.4344,True,True,6.4344,#261611,#c3918d,False,True,light
coco_000000423506,median_cut,0,3,#9d967e,#2f251f,"[62.072, -1.555, 13.607]","[15.625, 3.567, 5.77]",5.0505,True,True,5.0505,#9d967e,#2f251f,False,True,light
coco_000000437205,dsp,0,1,#0e1c1b,#fcfdfd,"[9.016, -6.33, -1.232]","[99.236, -0.322, -0.112]",17.1644,True,True,17.1644,#0e1c1b,#fcfdfd,False,True,dark
coco_000000437205,kmeans_lab,0,2,#15141a,#c6bdc0,"[6.633, 1.963, -3.942]","[77.404, 3.7, -0.379]",9.9762,True,True,9.9762,#15141a,#c6bdc0,False,True,dark
coco_000000437205,kmeans_rgb,0,2,#0e111b,#cbc4ca,"[5.179, 1.409, -6.938]","[79.864, 3.526, -2.127]",11.0239,True,True,11.0239,#0e111b,#cbc4ca,False,True,dark
coco_000000437205,median_cut,1,0,#0a1425,#7cc4e0,"[6.309, 1.862, -12.928]","[75.543, -15.237, -20.972]",9.5021,True,True,9.5021,#7cc4e0,#0a1425,False,True,dark
coco_000000438304,dsp,0,1,#15161a,#fefeea,"[7.297, 0.607, -2.96]","[99.18, -3.364, 9.569]",17.7166,True,True,17.7166,#15161a,#fefeea,False,True,dark
coco_000000438304,kmeans_lab,1,3,#131416,#e8e5d4,"[6.293, 0.056, -1.428]","[90.756, -1.88, 8.65]",14.5607,True,True,14.5607,#131416,#e8e5d4,False,True,dark
coco_000000438304,kmeans_rgb,1,4,#121316,#eae8d8,"[5.892, 0.295, -2.024]","[91.758, -2.059, 8.021]",15.0671,True,True,15.0671,#121316,#eae8d8,False,True,dark
coco_000000438304,median_cut,1,3,#0f1013,#a4a38f,"[4.69, 0.262, -1.781]","[66.573, -3.206, 10.536]",7.4414,True,True,7.4414,#0f1013,#a4a38f,False,True,dark
coco_000000440171,dsp,0,1,#f2dec2,#050305,"[89.4, 2.49, 16.234]","[0.979, 0.801, -0.573]",15.6635,True,True,15.6635,#f2dec2,#050305,False,True,light
coco_000000440171,kmeans_lab,1,0,#efe4d2,#2e271f,"[91.003, 0.763, 10.12]","[16.159, 1.675, 6.494]",11.7084,True,True,11.7084,#2e271f,#efe4d2,False,True,light
coco_000000440171,kmeans_rgb,1,0,#f6eddd,#2a271d,"[94.047, 0.37, 8.829]","[15.654, -0.691, 7.126]",12.8529,True,True,12.8529,#2a271d,#f6eddd,False,True,light
coco_000000440171,median_cut,4,0,#fcf3e4,#21241a,"[96.162, 0.524, 8.303]","[13.589, -3.688, 6.247]",14.3248,True,True,14.3248,#21241a,#fcf3e4,False,True,light
coco_000000453341,dsp,0,1,#fefefe,#121119,"[99.655, 0.008, 0.004]","[5.417, 2.269, -4.99]",18.5922,True,True,18.5922,#fefefe,#121119,False,True,light
coco_000000453341,kmeans_lab,1,2,#dddfde,#3b4046,"[88.648, -0.847, 0.255]","[26.845, -0.601, -4.357]",7.8118,True,True,7.8118,#dddfde,#3b4046,False,True,light
coco_000000453341,kmeans_rgb,4,1,#eff2f0,#3f4143,"[95.222, -1.343, 0.617]","[27.415, -0.371, -1.506]",9.094,True,True,9.094,#3f4143,#eff2f0,False,True,light
coco_000000453341,median_cut,4,2,#eef1f0,#3e4346,"[94.899, -1.167, 0.135]","[28.062, -1.345, -2.523]",8.8143,True,True,8.8143,#3e4346,#eef1f0,False,True,light
coco_000000462031,dsp,0,1,#020202,#ffffff,"[0.548, 0.0, 0.0]","[100.0, 0.008, 0.004]",20.7481,True,True,20.7481,#020202,#ffffff,False,True,dark
coco_000000462031,kmeans_lab,0,1,#060606,#f1f1f1,"[1.645, 0.0, 0.0]","[95.145, 0.007, 0.003]",17.939,True,True,17.939,#060606,#f1f1f1,False,True,dark
coco_000000462031,kmeans_rgb,0,1,#050505,#f3f3f3,"[1.371, 0.0, 0.0]","[95.842, 0.007, 0.003]",18.3679,True,True,18.3679,#050505,#f3f3f3,False,True,dark
coco_000000462031,median_cut,2,1,#010101,#cfcfcf,"[0.274, 0.0, 0.0]","[83.124, 0.007, 0.003]",13.3979,True,True,13.3979,#cfcfcf,#010101,False,True,dark
coco_000000462371,dsp,0,1,#f0e2b7,#060201,"[90.016, -1.847, 22.789]","[0.762, 0.907, 0.747]",15.9976,True,True,15.9976,#f0e2b7,#060201,False,True,light
coco_000000462371,kmeans_lab,0,1,#efe2bf,#17130a,"[90.093, -1.088, 18.733]","[6.05, 0.179, 4.96]",14.3752,True,True,14.3752,#efe2bf,#17130a,False,True,light
coco_000000462371,kmeans_rgb,0,1,#eee2be,#18130b,"[89.993, -1.596, 19.101]","[6.179, 0.81, 4.743]",14.3009,True,True,14.3009,#eee2be,#18130b,False,True,light
coco_000000462371,median_cut,4,0,#f7edcb,#19150c,"[93.734, -2.044, 17.708]","[6.951, 0.164, 5.441]",15.5392,True,True,15.5392,#19150c,#f7edcb,False,True,light
coco_000000464522,dsp,0,1,#010000,#fefdf1,"[0.058, 0.262, 0.092]","[99.093, -1.712, 5.856]",20.508,True,True,20.508,#010000,#fefdf1,False,True,dark
coco_000000464522,kmeans_lab,2,4,#181212,#f0d1a2,"[6.056, 2.659, 0.937]","[85.37, 4.159, 27.345]",12.6506,True,True,12.6506,#181212,#f0d1a2,False,True,dark
coco_000000464522,kmeans_rgb,2,4,#160e0b,#efd2a6,"[4.596, 2.651, 2.405]","[85.603, 3.758, 25.562]",13.1057,True,True,13.1057,#160e0b,#efd2a6,False,True,dark
coco_000000464522,median_cut,2,4,#171211,#dec59d,"[5.919, 1.969, 1.318]","[80.681, 2.879, 23.328]",11.1218,True,True,11.1218,#171211,#dec59d,False,True,dark
coco_000000470779,dsp,2,3,#0c1b0f,#d7d8ce,"[8.098, -9.106, 5.499]","[86.014, -2.106, 4.808]",12.3827,True,True,12.3827,#0c1b0f,#d7d8ce,False,True,dark
coco_000000470779,kmeans_lab,0,2,#181619,#a2a29a,"[7.571, 1.737, -1.754]","[66.409, -1.484, 4.159]",6.9979,True,True,6.9979,#181619,#a2a29a,False,True,dark
coco_000000470779,kmeans_rgb,0,4,#161515,#a6a6a0,"[6.875, 0.453, 0.16]","[67.96, -1.114, 3.104]",7.4496,True,True,7.4496,#161515,#a6a6a0,False,True,dark
coco_000000470779,median_cut,0,4,#131414,#a9a9a3,"[6.226, -0.415, -0.146]","[69.08, -1.11, 3.094]",7.8139,True,True,7.8139,#131414,#a9a9a3,False,True,dark
coco_000000494759,dsp,1,2,#eaefef,#070a0c,"[94.08, -1.652, -0.577]","[2.609, -0.49, -1.076]",17.1036,True,True,17.1036,#eaefef,#070a0c,False,True,light
coco_000000494759,kmeans_lab,1,4,#d5d6da,#15161b,"[85.656, 0.4, -2.083]","[7.338, 0.896, -3.663]",12.4392,True,True,12.4392,#d5d6da,#15161b,False,True,light
coco_000000494759,kmeans_rgb,0,4,#ced0d6,#0f1216,"[83.489, 0.439, -3.201]","[5.348, -0.19, -2.847]",12.1759,True,True,12.1759,#ced0d6,#0f1216,False,True,light
coco_000000494759,median_cut,0,3,#d8d9dd,#584f46,"[86.724, 0.399, -2.078]","[34.209, 2.029, 6.675]",5.679,True,True,5.679,#d8d9dd,#584f46,False,True,light
coco_000000503841,dsp,1,0,#fffffb,#3b3f34,"[99.901, -0.687, 1.91]","[25.959, -4.076, 6.191]",10.7621,True,True,10.7621,#3b3f34,#fffffb,False,True,light
coco_000000503841,kmeans_lab,4,3,#f7f4e3,#373828,"[96.006, -1.865, 8.545]","[22.978, -3.701, 9.896]",10.8056,True,True,10.8056,#373828,#f7f4e3,False,True,light
coco_000000503841,kmeans_rgb,4,3,#f7f4e5,#353727,"[96.052, -1.538, 7.579]","[22.429, -4.179, 9.778]",11.0162,True,True,11.0162,#353727,#f7f4e5,False,True,light
coco_000000503841,median_cut,4,0,#d5cbb2,#3d4232,"[81.878, -0.651, 13.729]","[27.071, -5.461, 9.071]",6.4308,True,True,6.4308,#3d4232,#d5cbb2,False,True,light
coco_000000512330,dsp,0,1,#fefefe,#0c0706,"[99.655, 0.008, 0.004]","[2.197, 1.198, 0.85]",19.856,True,True,19.856,#fefefe,#0c0706,False,True,light
coco_000000512330,kmeans_lab,1,2,#f2f2ea,#483b2b,"[95.296, -1.385, 3.857]","[25.803, 2.979, 12.06]",9.6406,True,True,9.6406,#f2f2ea,#483b2b,False,True,light
coco_000000512330,kmeans_rgb,1,3,#f6f5ed,#46392a,"[96.415, -1.045, 3.965]","[24.938, 3.168, 11.507]",10.2189,True,True,10.2189,#f6f5ed,#46392a,False,True,light
coco_000000512330,median_cut,3,1,#fdfdf8,#584435,"[99.186, -0.861, 2.39]","[30.559, 6.212, 12.376]",8.9753,True,True,8.9753,#584435,#fdfdf8,False,True,light
coco_000000524742,dsp,1,0,#c7e5fc,#1b110a,"[89.491, -5.016, -14.416]","[5.924, 3.437, 4.83]",14.1817,True,True,14.1817,#1b110a,#c7e5fc,False,True,light
coco_000000524742,kmeans_lab,1,3,#c7b142,#272727,"[72.215, -4.735, 57.504]","[15.638, 0.002, 0.001]",6.9684,True,True,6.9684,#c7b142,#272727,False,True,light
coco_000000524742,kmeans_rgb,4,1,#9eb4cc,#431e21,"[72.409, -2.299, -14.65]","[16.659, 18.179, 6.24]",6.8133,True,True,6.8133,#431e21,#9eb4cc,False,True,light
coco_000000524742,median_cut,4,1,#c6c079,#1a254f,"[76.731, -8.307, 36.535]","[16.04, 10.571, -27.359]",7.8913,True,True,7.8913,#1a254f,#c6c079,False,True,light
coco_000000537355,dsp,1,2,#f0f5f5,#010303,"[96.172, -1.644, -0.575]","[0.706, -0.523, -0.184]",18.7908,True,True,18.7908,#f0f5f5,#010303,False,True,light
coco_000000537355,kmeans_lab,4,1,#c9ccd1,#1d2017,"[81.95, -0.086, -2.837]","[11.662, -3.528, 5.67]",10.2589,True,True,10.2589,#1d2017,#c9ccd1,False,True,light
coco_000000537355,kmeans_rgb,3,1,#cacdd2,#1b2012,"[82.31, -0.086, -2.834]","[11.343, -5.53, 8.571]",10.4398,True,True,10.4398,#1b2012,#cacdd2,False,True,light
coco_000000537355,median_cut,3,0,#cdd0d6,#1d2014,"[83.414, 0.103, -3.32]","[11.585, -4.131, 7.664]",10.709,True,True,10.709,#1d2014,#cdd0d6,False,True,light
coco_000000542625,dsp,2,4,#f2f2ed,#0e160c,"[95.369, -0.868, 2.41]","[6.266, -5.12, 4.318]",16.4209,True,True,16.4209,#f2f2ed,#0e160c,False,True,light
coco_000000542625,kmeans_lab,1,0,#b9b8b4,#2b2e27,"[74.756, -0.377, 2.153]","[18.427, -2.947, 4.068]",6.9464,True,True,6.9464,#2b2e27,#b9b8b4,False,True,light
coco_000000542625,kmeans_rgb,0,2,#bdbebc,#21271f,"[76.846, -0.711, 0.888]","[14.808, -4.647, 4.404]",8.1877,True,True,8.1877,#bdbebc,#21271f,False,True,light
coco_000000542625,median_cut,0,1,#c0c1bd,#212924,"[77.887, -1.074, 1.89]","[15.678, -4.802, 2.112]",8.2456,True,True,8.2456,#c0c1bd,#212924,False,True,light
coco_000000542856,dsp,0,1,#9ecceb,#000000,"[79.871, -7.762, -20.154]","[0.0, 0.0, 0.0]",12.2906,True,True,12.2906,#9ecceb,#000000,False,True,light
coco_000000542856,kmeans_lab,3,2,#d9cab5,#272727,"[82.017, 1.801, 12.375]","[15.638, 0.002, 0.001]",9.2944,True,True,9.2944,#272727,#d9cab5,False,True,light
coco_000000542856,kmeans_rgb,3,2,#dccdba,#1f2020,"[83.138, 2.099, 11.34]","[12.147, -0.465, -0.162]",10.488,True,True,10.488,#1f2020,#dccdba,False,True,light
coco_000000542856,median_cut,4,1,#cce0e6,#372728,"[87.902, -5.445, -5.191]","[17.537, 7.708, 2.28]",10.3637,True,True,10.3637,#372728,#cce0e6,False,True,light
coco_000000544811,dsp,0,1,#000000,#fefcfa,"[0.0, 0.0, 0.0]","[99.062, 0.321, 1.192]",20.5188,True,True,20.5188,#000000,#fefcfa,False,True,dark
coco_000000544811,kmeans_lab,0,3,#020202,#b6becb,"[0.548, 0.0, 0.0]","[76.73, -0.188, -7.473]",11.0822,True,True,11.0822,#020202,#b6becb,False,True,dark
coco_000000544811,kmeans_rgb,0,3,#000102,#b5bfce,"[0.236, -0.122, -0.471]","[77.006, -0.438, -8.696]",11.2496,True,True,11.2496,#000102,#b5bfce,False,True,dark
coco_000000544811,median_cut,0,1,#000000,#a6b3c6,"[0.0, 0.0, 0.0]","[72.511, -0.556, -11.155]",9.8849,True,True,9.8849,#000000,#a6b3c6,False,True,dark
coco_000000553339,dsp,0,1,#ececec,#0f110b,"[93.398, 0.007, 0.003]","[4.757, -1.748, 2.565]",16.0822,True,True,16.0822,#ececec,#0f110b,False,True,light
coco_000000553339,kmeans_lab,0,1,#dddddd,#22281c,"[88.115, 0.007, 0.003]","[15.177, -5.495, 7.042]",11.1367,True,True,11.1367,#dddddd,#22281c,False,True,light
coco_000000553339,kmeans_rgb,1,0,#e6e6e6,#253019,"[91.293, 0.007, 0.003]","[18.265, -9.762, 13.229]",11.1027,True,True,11.1027,#253019,#e6e6e6,False,True,light
coco_000000553339,median_cut,4,0,#eeeeee,#202c18,"[94.098, 0.007, 0.003]","[16.377, -9.798, 11.364]",12.6142,True,True,12.6142,#202c18,#eeeeee,False,True,light
coco_000000554735,dsp,2,1,#f6de9f,#2e1405,"[89.082, -0.578, 33.953]","[9.736, 11.757, 12.777]",13.0232,True,True,13.0232,#2e1405,#f6de9f,False,True,light
coco_000000554735,kmeans_lab,0,3,#d3b06e,#643519,"[73.562, 4.244, 38.409]","[27.643, 18.471, 26.321]",4.9416,True,True,4.9416,#d3b06e,#643519,False,True,light
coco_000000554735,kmeans_rgb,0,4,#d8b776,#653316,"[75.93, 3.362, 37.379]","[27.276, 19.967, 27.669]",5.3741,True,True,5.3741,#d8b776,#653316,False,True,light
coco_000000554735,median_cut,4,1,#debf7b,#844622,"[78.591, 2.086, 38.31]","[36.746, 23.444, 32.653]",4.1122,False,False,4.1122,#844622,#debf7b,False,True,light
coco_000000575372,dsp,1,4,#c9d9e7,#070b0b,"[85.913, -2.58, -8.685]","[2.788, -1.052, -0.371]",13.7158,True,True,13.7158,#c9d9e7,#070b0b,False,True,light
coco_000000575372,kmeans_lab,4,3,#a2bad2,#262d25,"[74.478, -2.931, -14.784]","[17.564, -5.004, 4.164]",7.0668,True,True,7.0668,#262d25,#a2bad2,False,True,light
coco_000000575372,kmeans_rgb,1,3,#88aed0,#1f2720,"[69.513, -4.578, -21.363]","[14.661, -5.328, 3.463]",6.5814,True,True,6.5814,#88aed0,#1f2720,False,True,light
coco_000000575372,median_cut,4,1,#9cbad5,#313a2f,"[74.183, -4.052, -16.899]","[23.285, -6.336, 5.599]",5.8519,True,True,5.8519,#313a2f,#9cbad5,False,True,light
