source,subset,image_id,method,n_colours,n_pairs,buggy_aa,correct_aa,aa_delta,delta_pairs_aa,aa_changed,direction,buggy_aaa,correct_aaa,aaa_delta,aaa_changed,max1_colours
raw,photographs,coco_000000005060,dsp,5,10,0.4,0.4,0.0,0,False,unchanged,0.2,0.2,0.0,False,
raw,photographs,coco_000000005060,median_cut,5,10,0.3,0.3,0.0,0,False,unchanged,0.1,0.1,0.0,False,
raw,photographs,coco_000000005060,kmeans_rgb,5,10,0.3,0.3,0.0,0,False,unchanged,0.3,0.3,0.0,False,
raw,photographs,coco_000000005060,kmeans_lab,5,10,0.3,0.3,0.0,0,False,unchanged,0.1,0.1,0.0,False,
raw,photographs,coco_000000007281,dsp,5,10,0.2,0.2,0.0,0,False,unchanged,0.2,0.2,0.0,False,
raw,photographs,coco_000000007281,median_cut,5,10,0.0,0.0,0.0,0,False,unchanged,0.0,0.0,0.0,False,
raw,photographs,coco_000000007281,kmeans_rgb,5,10,0.3,0.3,0.0,0,False,unchanged,0.1,0.1,0.0,False,
raw,photographs,coco_000000007281,kmeans_lab,5,10,0.2,0.2,0.0,0,False,unchanged,0.1,0.1,0.0,False,
raw,photographs,coco_000000008277,dsp,5,10,0.3,0.3,0.0,0,False,unchanged,0.2,0.2,0.0,False,
raw,photographs,coco_000000008277,median_cut,5,10,0.3,0.3,0.0,0,False,unchanged,0.1,0.1,0.0,False,
raw,photographs,coco_000000008277,kmeans_rgb,5,10,0.3,0.3,0.0,0,False,unchanged,0.1,0.1,0.0,False,
raw,photographs,coco_000000008277,kmeans_lab,5,10,0.3,0.3,0.0,0,False,unchanged,0.1,0.1,0.0,False,
raw,photographs,coco_000000021465,dsp,5,10,0.5,0.5,0.0,0,False,unchanged,0.2,0.2,0.0,False,
raw,photographs,coco_000000021465,median_cut,5,10,0.4,0.4,0.0,0,False,unchanged,0.1,0.1,0.0,False,
raw,photographs,coco_000000021465,kmeans_rgb,5,10,0.3,0.3,0.0,0,False,unchanged,0.1,0.1,0.0,False,
raw,photographs,coco_000000021465,kmeans_lab,5,10,0.2,0.2,0.0,0,False,unchanged,0.1,0.1,0.0,False,
raw,photographs,coco_000000028449,dsp,5,10,0.4,0.4,0.0,0,False,unchanged,0.2,0.2,0.0,False,
raw,photographs,coco_000000028449,median_cut,5,10,0.3,0.3,0.0,0,False,unchanged,0.1,0.1,0.0,False,
raw,photographs,coco_000000028449,kmeans_rgb,5,10,0.3,0.3,0.0,0,False,unchanged,0.1,0.1,0.0,False,
raw,photographs,coco_000000028449,kmeans_lab,5,10,0.2,0.2,0.0,0,False,unchanged,0.0,0.0,0.0,False,
raw,photographs,coco_000000033854,dsp,5,10,0.4,0.4,0.0,0,False,unchanged,0.2,0.2,0.0,False,
raw,photographs,coco_000000033854,median_cut,5,10,0.5,0.5,0.0,0,False,unchanged,0.4,0.4,0.0,False,
raw,photographs,coco_000000033854,kmeans_rgb,5,10,0.5,0.5,0.0,0,False,unchanged,0.3,0.3,0.0,False,
raw,photographs,coco_000000033854,kmeans_lab,5,10,0.4,0.4,0.0,0,False,unchanged,0.3,0.3,0.0,False,
raw,photographs,coco_000000035279,dsp,5,10,0.4,0.4,0.0,0,False,unchanged,0.2,0.2,0.0,False,
raw,photographs,coco_000000035279,median_cut,5,10,0.6,0.6,0.0,0,False,unchanged,0.4,0.4,0.0,False,
raw,photographs,coco_000000035279,kmeans_rgb,5,10,0.4,0.4,0.0,0,False,unchanged,0.3,0.3,0.0,False,
raw,photographs,coco_000000035279,kmeans_lab,5,10,0.4,0.4,0.0,0,False,unchanged,0.2,0.2,0.0,False,
raw,photographs,coco_000000069106,dsp,5,10,0.3,0.3,0.0,0,False,unchanged,0.2,0.2,0.0,False,
raw,photographs,coco_000000069106,median_cut,5,10,0.0,0.0,0.0,0,False,unchanged,0.0,0.0,0.0,False,
raw,photographs,coco_000000069106,kmeans_rgb,5,10,0.1,0.1,0.0,0,False,unchanged,0.0,0.0,0.0,False,
raw,photographs,coco_000000069106,kmeans_lab,5,10,0.1,0.1,0.0,0,False,unchanged,0.0,0.0,0.0,False,
raw,photographs,coco_000000075393,dsp,5,10,0.3,0.3,0.0,0,False,unchanged,0.2,0.2,0.0,False,
raw,photographs,coco_000000075393,median_cut,5,10,0.4,0.4,0.0,0,False,unchanged,0.3,0.3,0.0,False,
raw,photographs,coco_000000075393,kmeans_rgb,5,10,0.3,0.3,0.0,0,False,unchanged,0.2,0.2,0.0,False,
raw,photographs,coco_000000075393,kmeans_lab,5,10,0.4,0.4,0.0,0,False,unchanged,0.1,0.1,0.0,False,
raw,photographs,coco_000000085329,dsp,5,10,0.5,0.5,0.0,0,False,unchanged,0.3,0.3,0.0,False,
raw,photographs,coco_000000085329,median_cut,5,10,0.0,0.0,0.0,0,False,unchanged,0.0,0.0,0.0,False,
raw,photographs,coco_000000085329,kmeans_rgb,5,10,0.4,0.4,0.0,0,False,unchanged,0.4,0.4,0.0,False,
raw,photographs,coco_000000085329,kmeans_lab,5,10,0.4,0.4,0.0,0,False,unchanged,0.3,0.3,0.0,False,
raw,photographs,coco_000000090062,dsp,5,10,0.4,0.4,0.0,0,False,unchanged,0.2,0.2,0.0,False,
raw,photographs,coco_000000090062,median_cut,5,10,0.4,0.4,0.0,0,False,unchanged,0.2,0.2,0.0,False,
raw,photographs,coco_000000090062,kmeans_rgb,5,10,0.3,0.3,0.0,0,False,unchanged,0.2,0.2,0.0,False,
raw,photographs,coco_000000090062,kmeans_lab,5,10,0.3,0.3,0.0,0,False,unchanged,0.1,0.1,0.0,False,
raw,photographs,coco_000000101022,dsp,5,10,0.4,0.4,0.0,0,False,unchanged,0.1,0.1,0.0,False,
raw,photographs,coco_000000101022,median_cut,5,10,0.3,0.3,0.0,0,False,unchanged,0.3,0.3,0.0,False,
raw,photographs,coco_000000101022,kmeans_rgb,5,10,0.4,0.4,0.0,0,False,unchanged,0.2,0.2,0.0,False,
raw,photographs,coco_000000101022,kmeans_lab,5,10,0.3,0.3,0.0,0,False,unchanged,0.2,0.2,0.0,False,
raw,photographs,coco_000000104666,dsp,5,10,0.4,0.4,0.0,0,False,unchanged,0.2,0.2,0.0,False,"[[1, 1, 0]]"
raw,photographs,coco_000000104666,median_cut,5,10,0.2,0.2,0.0,0,False,unchanged,0.1,0.1,0.0,False,
raw,photographs,coco_000000104666,kmeans_rgb,5,10,0.4,0.4,0.0,0,False,unchanged,0.2,0.2,0.0,False,
raw,photographs,coco_000000104666,kmeans_lab,5,10,0.2,0.2,0.0,0,False,unchanged,0.1,0.1,0.0,False,
raw,photographs,coco_000000107226,dsp,5,10,0.2,0.2,0.0,0,False,unchanged,0.1,0.1,0.0,False,
raw,photographs,coco_000000107226,median_cut,5,10,0.5,0.5,0.0,0,False,unchanged,0.2,0.2,0.0,False,
raw,photographs,coco_000000107226,kmeans_rgb,5,10,0.3,0.3,0.0,0,False,unchanged,0.2,0.2,0.0,False,
raw,photographs,coco_000000107226,kmeans_lab,5,10,0.2,0.2,0.0,0,False,unchanged,0.2,0.2,0.0,False,
raw,photographs,coco_000000117645,dsp,5,10,0.1,0.1,0.0,0,False,unchanged,0.0,0.0,0.0,False,
raw,photographs,coco_000000117645,median_cut,5,10,0.0,0.0,0.0,0,False,unchanged,0.0,0.0,0.0,False,
raw,photographs,coco_000000117645,kmeans_rgb,5,10,0.1,0.1,0.0,0,False,unchanged,0.0,0.0,0.0,False,
raw,photographs,coco_000000117645,kmeans_lab,5,10,0.1,0.1,0.0,0,False,unchanged,0.0,0.0,0.0,False,
raw,photographs,coco_000000119516,dsp,5,10,0.2,0.2,0.0,0,False,unchanged,0.1,0.1,0.0,False,
raw,photographs,coco_000000119516,median_cut,5,10,0.0,0.0,0.0,0,False,unchanged,0.0,0.0,0.0,False,
raw,photographs,coco_000000119516,kmeans_rgb,5,10,0.4,0.4,0.0,0,False,unchanged,0.2,0.2,0.0,False,
raw,photographs,coco_000000119516,kmeans_lab,5,10,0.4,0.4,0.0,0,False,unchanged,0.1,0.1,0.0,False,
raw,photographs,coco_000000145020,dsp,5,10,0.4,0.4,0.0,0,False,aaa_only,0.0,0.1,0.1,True,"[[1, 1, 1]]"
raw,photographs,coco_000000145020,median_cut,5,10,0.3,0.3,0.0,0,False,unchanged,0.1,0.1,0.0,False,
raw,photographs,coco_000000145020,kmeans_rgb,5,10,0.3,0.3,0.0,0,False,unchanged,0.1,0.1,0.0,False,
raw,photographs,coco_000000145020,kmeans_lab,5,10,0.2,0.2,0.0,0,False,unchanged,0.1,0.1,0.0,False,
raw,photographs,coco_000000161128,dsp,5,10,0.3,0.3,0.0,0,False,unchanged,0.2,0.2,0.0,False,
raw,photographs,coco_000000161128,median_cut,5,10,0.3,0.3,0.0,0,False,unchanged,0.2,0.2,0.0,False,
raw,photographs,coco_000000161128,kmeans_rgb,5,10,0.4,0.4,0.0,0,False,unchanged,0.2,0.2,0.0,False,
raw,photographs,coco_000000161128,kmeans_lab,5,10,0.3,0.3,0.0,0,False,unchanged,0.1,0.1,0.0,False,
raw,photographs,coco_000000162543,dsp,5,10,0.2,0.4,0.2,2,True,fail_to_pass,0.2,0.2,0.0,False,"[[0, 1, 0]]"
raw,photographs,coco_000000162543,median_cut,5,10,0.4,0.4,0.0,0,False,unchanged,0.3,0.3,0.0,False,
raw,photographs,coco_000000162543,kmeans_rgb,5,10,0.5,0.5,0.0,0,False,unchanged,0.3,0.3,0.0,False,
raw,photographs,coco_000000162543,kmeans_lab,5,10,0.4,0.4,0.0,0,False,unchanged,0.2,0.2,0.0,False,
raw,photographs,coco_000000166287,dsp,5,10,0.1,0.1,0.0,0,False,unchanged,0.0,0.0,0.0,False,
raw,photographs,coco_000000166287,median_cut,5,10,0.0,0.0,0.0,0,False,unchanged,0.0,0.0,0.0,False,
raw,photographs,coco_000000166287,kmeans_rgb,5,10,0.1,0.1,0.0,0,False,unchanged,0.0,0.0,0.0,False,
raw,photographs,coco_000000166287,kmeans_lab,5,10,0.1,0.1,0.0,0,False,unchanged,0.0,0.0,0.0,False,
raw,photographs,coco_000000168974,dsp,5,10,0.4,0.4,0.0,0,False,unchanged,0.2,0.2,0.0,False,
raw,photographs,coco_000000168974,median_cut,5,10,0.1,0.1,0.0,0,False,unchanged,0.0,0.0,0.0,False,
raw,photographs,coco_000000168974,kmeans_rgb,5,10,0.2,0.2,0.0,0,False,unchanged,0.1,0.1,0.0,False,
raw,photographs,coco_000000168974,kmeans_lab,5,10,0.2,0.2,0.0,0,False,unchanged,0.1,0.1,0.0,False,
raw,photographs,coco_000000169169,dsp,5,10,0.4,0.4,0.0,0,False,unchanged,0.2,0.2,0.0,False,
raw,photographs,coco_000000169169,median_cut,5,10,0.3,0.3,0.0,0,False,unchanged,0.2,0.2,0.0,False,
raw,photographs,coco_000000169169,kmeans_rgb,5,10,0.3,0.3,0.0,0,False,unchanged,0.1,0.1,0.0,False,
raw,photographs,coco_000000169169,kmeans_lab,5,10,0.2,0.2,0.0,0,False,unchanged,0.2,0.2,0.0,False,
raw,photographs,coco_000000184400,dsp,5,10,0.2,0.2,0.0,0,False,unchanged,0.1,0.1,0.0,False,
raw,photographs,coco_000000184400,median_cut,5,10,0.3,0.3,0.0,0,False,unchanged,0.1,0.1,0.0,False,
raw,photographs,coco_000000184400,kmeans_rgb,5,10,0.1,0.1,0.0,0,False,unchanged,0.1,0.1,0.0,False,
raw,photographs,coco_000000184400,kmeans_lab,5,10,0.3,0.3,0.0,0,False,unchanged,0.0,0.0,0.0,False,
raw,photographs,coco_000000186632,dsp,5,10,0.3,0.3,0.0,0,False,unchanged,0.2,0.2,0.0,False,
raw,photographs,coco_000000186632,median_cut,5,10,0.4,0.4,0.0,0,False,unchanged,0.2,0.2,0.0,False,
raw,photographs,coco_000000186632,kmeans_rgb,5,10,0.3,0.3,0.0,0,False,unchanged,0.2,0.2,0.0,False,
raw,photographs,coco_000000186632,kmeans_lab,5,10,0.4,0.4,0.0,0,False,unchanged,0.2,0.2,0.0,False,
raw,photographs,coco_000000187249,dsp,5,10,0.5,0.5,0.0,0,False,unchanged,0.3,0.3,0.0,False,
raw,photographs,coco_000000187249,median_cut,5,10,0.2,0.2,0.0,0,False,unchanged,0.0,0.0,0.0,False,
raw,photographs,coco_000000187249,kmeans_rgb,5,10,0.5,0.5,0.0,0,False,unchanged,0.2,0.2,0.0,False,
raw,photographs,coco_000000187249,kmeans_lab,5,10,0.3,0.3,0.0,0,False,unchanged,0.2,0.2,0.0,False,
raw,photographs,coco_000000190923,dsp,5,10,0.4,0.4,0.0,0,False,unchanged,0.2,0.2,0.0,False,
raw,photographs,coco_000000190923,median_cut,5,10,0.2,0.2,0.0,0,False,unchanged,0.1,0.1,0.0,False,
raw,photographs,coco_000000190923,kmeans_rgb,5,10,0.4,0.4,0.0,0,False,unchanged,0.3,0.3,0.0,False,
raw,photographs,coco_000000190923,kmeans_lab,5,10,0.1,0.1,0.0,0,False,unchanged,0.1,0.1,0.0,False,
raw,photographs,coco_000000213035,dsp,5,10,0.3,0.3,0.0,0,False,aaa_only,0.2,0.3,0.1,True,"[[1, 1, 1]]"
raw,photographs,coco_000000213035,median_cut,5,10,0.4,0.4,0.0,0,False,unchanged,0.3,0.3,0.0,False,
raw,photographs,coco_000000213035,kmeans_rgb,5,10,0.5,0.5,0.0,0,False,unchanged,0.2,0.2,0.0,False,
raw,photographs,coco_000000213035,kmeans_lab,5,10,0.5,0.5,0.0,0,False,unchanged,0.2,0.2,0.0,False,
raw,photographs,coco_000000228214,dsp,5,10,0.4,0.4,0.0,0,False,unchanged,0.1,0.1,0.0,False,
raw,photographs,coco_000000228214,median_cut,5,10,0.5,0.5,0.0,0,False,unchanged,0.3,0.3,0.0,False,
raw,photographs,coco_000000228214,kmeans_rgb,5,10,0.5,0.5,0.0,0,False,unchanged,0.3,0.3,0.0,False,
raw,photographs,coco_000000228214,kmeans_lab,5,10,0.3,0.3,0.0,0,False,unchanged,0.1,0.1,0.0,False,
raw,photographs,coco_000000233370,dsp,5,10,0.4,0.4,0.0,0,False,unchanged,0.2,0.2,0.0,False,
raw,photographs,coco_000000233370,median_cut,5,10,0.4,0.4,0.0,0,False,unchanged,0.2,0.2,0.0,False,
raw,photographs,coco_000000233370,kmeans_rgb,5,10,0.3,0.3,0.0,0,False,unchanged,0.2,0.2,0.0,False,
raw,photographs,coco_000000233370,kmeans_lab,5,10,0.3,0.3,0.0,0,False,unchanged,0.2,0.2,0.0,False,
raw,photographs,coco_000000236690,dsp,5,10,0.4,0.4,0.0,0,False,unchanged,0.2,0.2,0.0,False,
raw,photographs,coco_000000236690,median_cut,5,10,0.0,0.0,0.0,0,False,unchanged,0.0,0.0,0.0,False,
raw,photographs,coco_000000236690,kmeans_rgb,5,10,0.2,0.2,0.0,0,False,unchanged,0.1,0.1,0.0,False,
raw,photographs,coco_000000236690,kmeans_lab,5,10,0.2,0.2,0.0,0,False,unchanged,0.1,0.1,0.0,False,
raw,photographs,coco_000000244379,dsp,5,10,0.4,0.4,0.0,0,False,unchanged,0.3,0.3,0.0,False,
raw,photographs,coco_000000244379,median_cut,5,10,0.6,0.6,0.0,0,False,unchanged,0.5,0.5,0.0,False,
raw,photographs,coco_000000244379,kmeans_rgb,5,10,0.5,0.5,0.0,0,False,unchanged,0.3,0.3,0.0,False,
raw,photographs,coco_000000244379,kmeans_lab,5,10,0.5,0.5,0.0,0,False,unchanged,0.3,0.3,0.0,False,
raw,photographs,coco_000000252216,dsp,5,10,0.4,0.4,0.0,0,False,unchanged,0.2,0.2,0.0,False,
raw,photographs,coco_000000252216,median_cut,5,10,0.2,0.2,0.0,0,False,unchanged,0.1,0.1,0.0,False,
raw,photographs,coco_000000252216,kmeans_rgb,5,10,0.1,0.1,0.0,0,False,unchanged,0.1,0.1,0.0,False,
raw,photographs,coco_000000252216,kmeans_lab,5,10,0.3,0.3,0.0,0,False,unchanged,0.2,0.2,0.0,False,
raw,photographs,coco_000000255749,dsp,5,10,0.5,0.5,0.0,0,False,unchanged,0.3,0.3,0.0,False,
raw,photographs,coco_000000255749,median_cut,5,10,0.2,0.2,0.0,0,False,unchanged,0.0,0.0,0.0,False,
raw,photographs,coco_000000255749,kmeans_rgb,5,10,0.4,0.4,0.0,0,False,unchanged,0.2,0.2,0.0,False,
raw,photographs,coco_000000255749,kmeans_lab,5,10,0.4,0.4,0.0,0,False,unchanged,0.2,0.2,0.0,False,
raw,photographs,coco_000000262487,dsp,5,10,0.3,0.3,0.0,0,False,unchanged,0.1,0.1,0.0,False,
raw,photographs,coco_000000262487,median_cut,5,10,0.0,0.0,0.0,0,False,unchanged,0.0,0.0,0.0,False,
raw,photographs,coco_000000262487,kmeans_rgb,5,10,0.2,0.2,0.0,0,False,unchanged,0.1,0.1,0.0,False,
raw,photographs,coco_000000262487,kmeans_lab,5,10,0.1,0.1,0.0,0,False,unchanged,0.1,0.1,0.0,False,
raw,photographs,coco_000000275791,dsp,5,10,0.2,0.2,0.0,0,False,unchanged,0.2,0.2,0.0,False,
raw,photographs,coco_000000275791,median_cut,5,10,0.3,0.3,0.0,0,False,unchanged,0.1,0.1,0.0,False,
raw,photographs,coco_000000275791,kmeans_rgb,5,10,0.2,0.2,0.0,0,False,unchanged,0.1,0.1,0.0,False,
raw,photographs,coco_000000275791,kmeans_lab,5,10,0.2,0.2,0.0,0,False,unchanged,0.1,0.1,0.0,False,
raw,photographs,coco_000000281693,dsp,5,10,0.4,0.4,0.0,0,False,unchanged,0.2,0.2,0.0,False,
raw,photographs,coco_000000281693,median_cut,5,10,0.3,0.3,0.0,0,False,unchanged,0.2,0.2,0.0,False,
raw,photographs,coco_000000281693,kmeans_rgb,5,10,0.3,0.3,0.0,0,False,unchanged,0.2,0.2,0.0,False,
raw,photographs,coco_000000281693,kmeans_lab,5,10,0.2,0.2,0.0,0,False,unchanged,0.1,0.1,0.0,False,
raw,photographs,coco_000000283520,dsp,5,10,0.4,0.4,0.0,0,False,unchanged,0.2,0.2,0.0,False,
raw,photographs,coco_000000283520,median_cut,5,10,0.1,0.1,0.0,0,False,unchanged,0.0,0.0,0.0,False,
raw,photographs,coco_000000283520,kmeans_rgb,5,10,0.1,0.1,0.0,0,False,unchanged,0.1,0.1,0.0,False,
raw,photographs,coco_000000283520,kmeans_lab,5,10,0.1,0.1,0.0,0,False,unchanged,0.0,0.0,0.0,False,
raw,photographs,coco_000000284106,dsp,5,10,0.3,0.3,0.0,0,False,unchanged,0.2,0.2,0.0,False,
raw,photographs,coco_000000284106,median_cut,5,10,0.3,0.3,0.0,0,False,unchanged,0.1,0.1,0.0,False,
raw,photographs,coco_000000284106,kmeans_rgb,5,10,0.3,0.3,0.0,0,False,unchanged,0.1,0.1,0.0,False,
raw,photographs,coco_000000284106,kmeans_lab,5,10,0.2,0.2,0.0,0,False,unchanged,0.1,0.1,0.0,False,
raw,photographs,coco_000000288762,dsp,5,10,0.4,0.4,0.0,0,False,unchanged,0.1,0.1,0.0,False,
raw,photographs,coco_000000288762,median_cut,5,10,0.2,0.2,0.0,0,False,unchanged,0.0,0.0,0.0,False,
raw,photographs,coco_000000288762,kmeans_rgb,5,10,0.2,0.2,0.0,0,False,unchanged,0.1,0.1,0.0,False,
raw,photographs,coco_000000288762,kmeans_lab,5,10,0.2,0.2,0.0,0,False,unchanged,0.1,0.1,0.0,False,
raw,photographs,coco_000000294163,dsp,5,10,0.3,0.3,0.0,0,False,unchanged,0.2,0.2,0.0,False,
raw,photographs,coco_000000294163,median_cut,5,10,0.0,0.0,0.0,0,False,unchanged,0.0,0.0,0.0,False,
raw,photographs,coco_000000294163,kmeans_rgb,5,10,0.4,0.4,0.0,0,False,unchanged,0.1,0.1,0.0,False,
raw,photographs,coco_000000294163,kmeans_lab,5,10,0.3,0.3,0.0,0,False,unchanged,0.1,0.1,0.0,False,
raw,photographs,coco_000000300233,dsp,5,10,0.2,0.2,0.0,0,False,unchanged,0.1,0.1,0.0,False,
raw,photographs,coco_000000300233,median_cut,5,10,0.2,0.2,0.0,0,False,unchanged,0.1,0.1,0.0,False,
raw,photographs,coco_000000300233,kmeans_rgb,5,10,0.3,0.3,0.0,0,False,unchanged,0.1,0.1,0.0,False,
raw,photographs,coco_000000300233,kmeans_lab,5,10,0.3,0.3,0.0,0,False,unchanged,0.1,0.1,0.0,False,
raw,photographs,coco_000000307145,dsp,5,10,0.3,0.3,0.0,0,False,unchanged,0.2,0.2,0.0,False,
raw,photographs,coco_000000307145,median_cut,5,10,0.2,0.2,0.0,0,False,unchanged,0.0,0.0,0.0,False,
raw,photographs,coco_000000307145,kmeans_rgb,5,10,0.2,0.2,0.0,0,False,unchanged,0.0,0.0,0.0,False,
raw,photographs,coco_000000307145,kmeans_lab,5,10,0.1,0.1,0.0,0,False,unchanged,0.0,0.0,0.0,False,
raw,photographs,coco_000000315187,dsp,5,10,0.3,0.3,0.0,0,False,unchanged,0.1,0.1,0.0,False,
raw,photographs,coco_000000315187,median_cut,5,10,0.3,0.3,0.0,0,False,unchanged,0.3,0.3,0.0,False,
raw,photographs,coco_000000315187,kmeans_rgb,5,10,0.3,0.3,0.0,0,False,unchanged,0.3,0.3,0.0,False,
raw,photographs,coco_000000315187,kmeans_lab,5,10,0.2,0.2,0.0,0,False,unchanged,0.1,0.1,0.0,False,
raw,photographs,coco_000000334977,dsp,5,10,0.3,0.3,0.0,0,False,unchanged,0.1,0.1,0.0,False,
raw,photographs,coco_000000334977,median_cut,5,10,0.4,0.4,0.0,0,False,unchanged,0.0,0.0,0.0,False,
raw,photographs,coco_000000334977,kmeans_rgb,5,10,0.2,0.2,0.0,0,False,unchanged,0.1,0.1,0.0,False,
raw,photographs,coco_000000334977,kmeans_lab,5,10,0.1,0.1,0.0,0,False,unchanged,0.1,0.1,0.0,False,
raw,photographs,coco_000000335427,dsp,5,10,0.4,0.4,0.0,0,False,unchanged,0.2,0.2,0.0,False,
raw,photographs,coco_000000335427,median_cut,5,10,0.3,0.3,0.0,0,False,unchanged,0.1,0.1,0.0,False,
raw,photographs,coco_000000335427,kmeans_rgb,5,10,0.3,0.3,0.0,0,False,unchanged,0.2,0.2,0.0,False,
raw,photographs,coco_000000335427,kmeans_lab,5,10,0.3,0.3,0.0,0,False,unchanged,0.2,0.2,0.0,False,
raw,photographs,coco_000000346232,dsp,5,10,0.3,0.3,0.0,0,False,unchanged,0.2,0.2,0.0,False,
raw,photographs,coco_000000346232,median_cut,5,10,0.3,0.3,0.0,0,False,unchanged,0.0,0.0,0.0,False,
raw,photographs,coco_000000346232,kmeans_rgb,5,10,0.3,0.3,0.0,0,False,unchanged,0.1,0.1,0.0,False,
raw,photographs,coco_000000346232,kmeans_lab,5,10,0.3,0.3,0.0,0,False,unchanged,0.2,0.2,0.0,False,
raw,photographs,coco_000000369037,dsp,5,10,0.3,0.3,0.0,0,False,unchanged,0.1,0.1,0.0,False,
raw,photographs,coco_000000369037,median_cut,5,10,0.2,0.2,0.0,0,False,unchanged,0.0,0.0,0.0,False,
raw,photographs,coco_000000369037,kmeans_rgb,5,10,0.2,0.2,0.0,0,False,unchanged,0.1,0.1,0.0,False,
raw,photographs,coco_000000369037,kmeans_lab,5,10,0.2,0.2,0.0,0,False,unchanged,0.1,0.1,0.0,False,
raw,photographs,coco_000000371472,dsp,5,10,0.3,0.3,0.0,0,False,unchanged,0.2,0.2,0.0,False,
raw,photographs,coco_000000371472,median_cut,5,10,0.4,0.4,0.0,0,False,unchanged,0.3,0.3,0.0,False,
raw,photographs,coco_000000371472,kmeans_rgb,5,10,0.3,0.3,0.0,0,False,unchanged,0.2,0.2,0.0,False,
raw,photographs,coco_000000371472,kmeans_lab,5,10,0.2,0.2,0.0,0,False,unchanged,0.2,0.2,0.0,False,
raw,photographs,coco_000000380706,dsp,5,10,0.3,0.3,0.0,0,False,unchanged,0.2,0.2,0.0,False,
raw,photographs,coco_000000380706,median_cut,5,10,0.4,0.4,0.0,0,False,unchanged,0.1,0.1,0.0,False,
raw,photographs,coco_000000380706,kmeans_rgb,5,10,0.3,0.3,0.0,0,False,unchanged,0.1,0.1,0.0,False,
raw,photographs,coco_000000380706,kmeans_lab,5,10,0.3,0.3,0.0,0,False,unchanged,0.1,0.1,0.0,False,
raw,photographs,coco_000000393093,dsp,5,10,0.1,0.5,0.4,4,True,fail_to_pass,0.0,0.1,0.1,True,"[[1, 1, 0]]"
raw,photographs,coco_000000393093,median_cut,5,10,0.5,0.5,0.0,0,False,unchanged,0.4,0.4,0.0,False,
raw,photographs,coco_000000393093,kmeans_rgb,5,10,0.4,0.4,0.0,0,False,unchanged,0.3,0.3,0.0,False,
raw,photographs,coco_000000393093,kmeans_lab,5,10,0.4,0.4,0.0,0,False,unchanged,0.3,0.3,0.0,False,
raw,photographs,coco_000000393115,dsp,5,10,0.2,0.2,0.0,0,False,unchanged,0.1,0.1,0.0,False,
raw,photographs,coco_000000393115,median_cut,5,10,0.2,0.2,0.0,0,False,unchanged,0.0,0.0,0.0,False,
raw,photographs,coco_000000393115,kmeans_rgb,5,10,0.2,0.2,0.0,0,False,unchanged,0.1,0.1,0.0,False,
raw,photographs,coco_000000393115,kmeans_lab,5,10,0.1,0.1,0.0,0,False,unchanged,0.0,0.0,0.0,False,
raw,photographs,coco_000000396729,dsp,5,10,0.2,0.3,0.1,1,True,fail_to_pass,0.0,0.1,0.1,True,"[[0, 0, 1]]"
raw,photographs,coco_000000396729,median_cut,5,10,0.3,0.3,0.0,0,False,unchanged,0.0,0.0,0.0,False,
raw,photographs,coco_000000396729,kmeans_rgb,5,10,0.3,0.3,0.0,0,False,unchanged,0.1,0.1,0.0,False,
raw,photographs,coco_000000396729,kmeans_lab,5,10,0.3,0.3,0.0,0,False,unchanged,0.1,0.1,0.0,False,
raw,photographs,coco_000000403584,dsp,5,10,0.3,0.3,0.0,0,False,unchanged,0.3,0.3,0.0,False,
raw,photographs,coco_000000403584,median_cut,5,10,0.2,0.2,0.0,0,False,unchanged,0.2,0.2,0.0,False,
raw,photographs,coco_000000403584,kmeans_rgb,5,10,0.3,0.3,0.0,0,False,unchanged,0.2,0.2,0.0,False,
raw,photographs,coco_000000403584,kmeans_lab,5,10,0.2,0.2,0.0,0,False,unchanged,0.1,0.1,0.0,False,
raw,photographs,coco_000000412286,dsp,5,10,0.3,0.3,0.0,0,False,unchanged,0.2,0.2,0.0,False,
raw,photographs,coco_000000412286,median_cut,5,10,0.1,0.1,0.0,0,False,unchanged,0.0,0.0,0.0,False,
raw,photographs,coco_000000412286,kmeans_rgb,5,10,0.3,0.3,0.0,0,False,unchanged,0.2,0.2,0.0,False,
raw,photographs,coco_000000412286,kmeans_lab,5,10,0.3,0.3,0.0,0,False,unchanged,0.2,0.2,0.0,False,
raw,photographs,coco_000000418961,dsp,5,10,0.4,0.4,0.0,0,False,unchanged,0.3,0.3,0.0,False,
raw,photographs,coco_000000418961,median_cut,5,10,0.3,0.3,0.0,0,False,unchanged,0.0,0.0,0.0,False,
raw,photographs,coco_000000418961,kmeans_rgb,5,10,0.5,0.5,0.0,0,False,unchanged,0.3,0.3,0.0,False,
raw,photographs,coco_000000418961,kmeans_lab,5,10,0.5,0.5,0.0,0,False,unchanged,0.3,0.3,0.0,False,
raw,photographs,coco_000000423506,dsp,5,10,0.2,0.2,0.0,0,False,unchanged,0.2,0.2,0.0,False,
raw,photographs,coco_000000423506,median_cut,5,10,0.1,0.1,0.0,0,False,unchanged,0.0,0.0,0.0,False,
raw,photographs,coco_000000423506,kmeans_rgb,5,10,0.1,0.1,0.0,0,False,unchanged,0.0,0.0,0.0,False,
raw,photographs,coco_000000423506,kmeans_lab,5,10,0.2,0.2,0.0,0,False,unchanged,0.0,0.0,0.0,False,
raw,photographs,coco_000000437205,dsp,5,10,0.3,0.3,0.0,0,False,unchanged,0.1,0.1,0.0,False,
raw,photographs,coco_000000437205,median_cut,5,10,0.3,0.3,0.0,0,False,unchanged,0.2,0.2,0.0,False,
raw,photographs,coco_000000437205,kmeans_rgb,5,10,0.3,0.3,0.0,0,False,unchanged,0.1,0.1,0.0,False,
raw,photographs,coco_000000437205,kmeans_lab,5,10,0.4,0.4,0.0,0,False,unchanged,0.1,0.1,0.0,False,
raw,photographs,coco_000000438304,dsp,5,10,0.2,0.2,0.0,0,False,unchanged,0.1,0.1,0.0,False,
raw,photographs,coco_000000438304,median_cut,5,10,0.2,0.2,0.0,0,False,unchanged,0.1,0.1,0.0,False,
raw,photographs,coco_000000438304,kmeans_rgb,5,10,0.3,0.3,0.0,0,False,unchanged,0.2,0.2,0.0,False,
raw,photographs,coco_000000438304,kmeans_lab,5,10,0.2,0.2,0.0,0,False,unchanged,0.2,0.2,0.0,False,
raw,photographs,coco_000000440171,dsp,5,10,0.3,0.3,0.0,0,False,unchanged,0.1,0.1,0.0,False,
raw,photographs,coco_000000440171,median_cut,5,10,0.5,0.5,0.0,0,False,unchanged,0.4,0.4,0.0,False,
raw,photographs,coco_000000440171,kmeans_rgb,5,10,0.4,0.4,0.0,0,False,unchanged,0.2,0.2,0.0,False,
raw,photographs,coco_000000440171,kmeans_lab,5,10,0.3,0.3,0.0,0,False,unchanged,0.3,0.3,0.0,False,
raw,photographs,coco_000000453341,dsp,5,10,0.3,0.3,0.0,0,False,unchanged,0.2,0.2,0.0,False,
raw,photographs,coco_000000453341,median_cut,5,10,0.3,0.3,0.0,0,False,unchanged,0.1,0.1,0.0,False,
raw,photographs,coco_000000453341,kmeans_rgb,5,10,0.3,0.3,0.0,0,False,unchanged,0.1,0.1,0.0,False,
raw,photographs,coco_000000453341,kmeans_lab,5,10,0.2,0.2,0.0,0,False,unchanged,0.1,0.1,0.0,False,
raw,photographs,coco_000000462031,dsp,5,10,0.4,0.4,0.0,0,False,unchanged,0.3,0.3,0.0,False,
raw,photographs,coco_000000462031,median_cut,5,10,0.6,0.4,-0.2,-2,True,pass_to_fail,0.6,0.4,-0.2,True,"[[1, 1, 1]]"
raw,photographs,coco_000000462031,kmeans_rgb,5,10,0.5,0.5,0.0,0,False,unchanged,0.3,0.3,0.0,False,
raw,photographs,coco_000000462031,kmeans_lab,5,10,0.5,0.5,0.0,0,False,unchanged,0.3,0.3,0.0,False,
raw,photographs,coco_000000462371,dsp,5,10,0.3,0.3,0.0,0,False,unchanged,0.3,0.3,0.0,False,
raw,photographs,coco_000000462371,median_cut,5,10,0.5,0.5,0.0,0,False,unchanged,0.3,0.3,0.0,False,
raw,photographs,coco_000000462371,kmeans_rgb,5,10,0.4,0.4,0.0,0,False,unchanged,0.3,0.3,0.0,False,
raw,photographs,coco_000000462371,kmeans_lab,5,10,0.4,0.4,0.0,0,False,unchanged,0.3,0.3,0.0,False,
raw,photographs,coco_000000464522,dsp,5,10,0.1,0.4,0.3,3,True,fail_to_pass,0.0,0.1,0.1,True,"[[1, 0, 0]]"
raw,photographs,coco_000000464522,median_cut,5,10,0.3,0.3,0.0,0,False,unchanged,0.1,0.1,0.0,False,
raw,photographs,coco_000000464522,kmeans_rgb,5,10,0.2,0.2,0.0,0,False,unchanged,0.1,0.1,0.0,False,
raw,photographs,coco_000000464522,kmeans_lab,5,10,0.2,0.2,0.0,0,False,unchanged,0.1,0.1,0.0,False,
raw,photographs,coco_000000470779,dsp,5,10,0.2,0.2,0.0,0,False,unchanged,0.1,0.1,0.0,False,
raw,photographs,coco_000000470779,median_cut,5,10,0.3,0.3,0.0,0,False,unchanged,0.1,0.1,0.0,False,
raw,photographs,coco_000000470779,kmeans_rgb,5,10,0.2,0.2,0.0,0,False,unchanged,0.1,0.1,0.0,False,
raw,photographs,coco_000000470779,kmeans_lab,5,10,0.2,0.2,0.0,0,False,unchanged,0.0,0.0,0.0,False,
raw,photographs,coco_000000494759,dsp,5,10,0.4,0.4,0.0,0,False,unchanged,0.2,0.2,0.0,False,
raw,photographs,coco_000000494759,median_cut,5,10,0.1,0.1,0.0,0,False,unchanged,0.0,0.0,0.0,False,
raw,photographs,coco_000000494759,kmeans_rgb,5,10,0.3,0.3,0.0,0,False,unchanged,0.2,0.2,0.0,False,
raw,photographs,coco_000000494759,kmeans_lab,5,10,0.3,0.3,0.0,0,False,unchanged,0.2,0.2,0.0,False,
raw,photographs,coco_000000503841,dsp,5,10,0.2,0.2,0.0,0,False,unchanged,0.1,0.1,0.0,False,
raw,photographs,coco_000000503841,median_cut,5,10,0.1,0.1,0.0,0,False,unchanged,0.0,0.0,0.0,False,
raw,photographs,coco_000000503841,kmeans_rgb,5,10,0.3,0.3,0.0,0,False,unchanged,0.1,0.1,0.0,False,
raw,photographs,coco_000000503841,kmeans_lab,5,10,0.3,0.3,0.0,0,False,unchanged,0.1,0.1,0.0,False,
raw,photographs,coco_000000512330,dsp,5,10,0.3,0.3,0.0,0,False,unchanged,0.2,0.2,0.0,False,
raw,photographs,coco_000000512330,median_cut,5,10,0.3,0.3,0.0,0,False,unchanged,0.2,0.2,0.0,False,
raw,photographs,coco_000000512330,kmeans_rgb,5,10,0.3,0.3,0.0,0,False,unchanged,0.1,0.1,0.0,False,
raw,photographs,coco_000000512330,kmeans_lab,5,10,0.2,0.2,0.0,0,False,unchanged,0.1,0.1,0.0,False,
raw,photographs,coco_000000524742,dsp,5,10,0.3,0.3,0.0,0,False,unchanged,0.3,0.3,0.0,False,
raw,photographs,coco_000000524742,median_cut,5,10,0.3,0.3,0.0,0,False,unchanged,0.1,0.1,0.0,False,
raw,photographs,coco_000000524742,kmeans_rgb,5,10,0.4,0.4,0.0,0,False,unchanged,0.0,0.0,0.0,False,
raw,photographs,coco_000000524742,kmeans_lab,5,10,0.3,0.3,0.0,0,False,unchanged,0.0,0.0,0.0,False,
raw,photographs,coco_000000537355,dsp,5,10,0.4,0.4,0.0,0,False,unchanged,0.2,0.2,0.0,False,
raw,photographs,coco_000000537355,median_cut,5,10,0.3,0.3,0.0,0,False,unchanged,0.1,0.1,0.0,False,
raw,photographs,coco_000000537355,kmeans_rgb,5,10,0.3,0.3,0.0,0,False,unchanged,0.1,0.1,0.0,False,
raw,photographs,coco_000000537355,kmeans_lab,5,10,0.2,0.2,0.0,0,False,unchanged,0.1,0.1,0.0,False,
raw,photographs,coco_000000542625,dsp,5,10,0.3,0.3,0.0,0,False,unchanged,0.2,0.2,0.0,False,
raw,photographs,coco_000000542625,median_cut,5,10,0.2,0.2,0.0,0,False,unchanged,0.1,0.1,0.0,False,
raw,photographs,coco_000000542625,kmeans_rgb,5,10,0.1,0.1,0.0,0,False,unchanged,0.1,0.1,0.0,False,
raw,photographs,coco_000000542625,kmeans_lab,5,10,0.1,0.1,0.0,0,False,unchanged,0.0,0.0,0.0,False,
raw,photographs,coco_000000542856,dsp,5,10,0.3,0.3,0.0,0,False,unchanged,0.2,0.2,0.0,False,
raw,photographs,coco_000000542856,median_cut,5,10,0.3,0.3,0.0,0,False,unchanged,0.3,0.3,0.0,False,
raw,photographs,coco_000000542856,kmeans_rgb,5,10,0.4,0.4,0.0,0,False,unchanged,0.2,0.2,0.0,False,
raw,photographs,coco_000000542856,kmeans_lab,5,10,0.2,0.2,0.0,0,False,unchanged,0.2,0.2,0.0,False,
raw,photographs,coco_000000544811,dsp,5,10,0.4,0.4,0.0,0,False,unchanged,0.2,0.2,0.0,False,
raw,photographs,coco_000000544811,median_cut,5,10,0.3,0.3,0.0,0,False,unchanged,0.2,0.2,0.0,False,
raw,photographs,coco_000000544811,kmeans_rgb,5,10,0.3,0.3,0.0,0,False,unchanged,0.1,0.1,0.0,False,
raw,photographs,coco_000000544811,kmeans_lab,5,10,0.3,0.3,0.0,0,False,unchanged,0.1,0.1,0.0,False,
raw,photographs,coco_000000553339,dsp,5,10,0.3,0.3,0.0,0,False,unchanged,0.3,0.3,0.0,False,
raw,photographs,coco_000000553339,median_cut,5,10,0.5,0.5,0.0,0,False,unchanged,0.3,0.3,0.0,False,
raw,photographs,coco_000000553339,kmeans_rgb,5,10,0.4,0.4,0.0,0,False,unchanged,0.2,0.2,0.0,False,
raw,photographs,coco_000000553339,kmeans_lab,5,10,0.3,0.3,0.0,0,False,unchanged,0.2,0.2,0.0,False,
raw,photographs,coco_000000554735,dsp,5,10,0.4,0.4,0.0,0,False,unchanged,0.2,0.2,0.0,False,
raw,photographs,coco_000000554735,median_cut,5,10,0.0,0.0,0.0,0,False,unchanged,0.0,0.0,0.0,False,
raw,photographs,coco_000000554735,kmeans_rgb,5,10,0.1,0.1,0.0,0,False,unchanged,0.0,0.0,0.0,False,
raw,photographs,coco_000000554735,kmeans_lab,5,10,0.1,0.1,0.0,0,False,unchanged,0.0,0.0,0.0,False,
raw,photographs,coco_000000575372,dsp,5,10,0.3,0.3,0.0,0,False,unchanged,0.1,0.1,0.0,False,
raw,photographs,coco_000000575372,median_cut,5,10,0.2,0.2,0.0,0,False,unchanged,0.0,0.0,0.0,False,
raw,photographs,coco_000000575372,kmeans_rgb,5,10,0.1,0.1,0.0,0,False,unchanged,0.0,0.0,0.0,False,
raw,photographs,coco_000000575372,kmeans_lab,5,10,0.2,0.2,0.0,0,False,unchanged,0.1,0.1,0.0,False,
raw,photographs_train,coco_train_000000007856,dsp,5,10,0.4,0.4,0.0,0,False,unchanged,0.3,0.3,0.0,False,
raw,photographs_train,coco_train_000000007856,median_cut,5,10,0.3,0.3,0.0,0,False,unchanged,0.2,0.2,0.0,False,
raw,photographs_train,coco_train_000000007856,kmeans_rgb,5,10,0.4,0.4,0.0,0,False,unchanged,0.1,0.1,0.0,False,
raw,photographs_train,coco_train_000000007856,kmeans_lab,5,10,0.3,0.3,0.0,0,False,unchanged,0.1,0.1,0.0,False,
raw,photographs_train,coco_train_000000015329,dsp,5,10,0.3,0.3,0.0,0,False,unchanged,0.1,0.1,0.0,False,
raw,photographs_train,coco_train_000000015329,median_cut,5,10,0.0,0.0,0.0,0,False,unchanged,0.0,0.0,0.0,False,
raw,photographs_train,coco_train_000000015329,kmeans_rgb,5,10,0.2,0.2,0.0,0,False,unchanged,0.0,0.0,0.0,False,
raw,photographs_train,coco_train_000000015329,kmeans_lab,5,10,0.2,0.2,0.0,0,False,unchanged,0.1,0.1,0.0,False,
raw,photographs_train,coco_train_000000048199,dsp,5,10,0.3,0.3,0.0,0,False,unchanged,0.1,0.1,0.0,False,
raw,photographs_train,coco_train_000000048199,median_cut,5,10,0.2,0.2,0.0,0,False,unchanged,0.1,0.1,0.0,False,
raw,photographs_train,coco_train_000000048199,kmeans_rgb,5,10,0.3,0.3,0.0,0,False,unchanged,0.1,0.1,0.0,False,
raw,photographs_train,coco_train_000000048199,kmeans_lab,5,10,0.2,0.2,0.0,0,False,unchanged,0.1,0.1,0.0,False,
raw,photographs_train,coco_train_000000108101,dsp,5,10,0.2,0.2,0.0,0,False,unchanged,0.1,0.1,0.0,False,
raw,photographs_train,coco_train_000000108101,median_cut,5,10,0.3,0.3,0.0,0,False,unchanged,0.2,0.2,0.0,False,
raw,photographs_train,coco_train_000000108101,kmeans_rgb,5,10,0.2,0.2,0.0,0,False,unchanged,0.1,0.1,0.0,False,
raw,photographs_train,coco_train_000000108101,kmeans_lab,5,10,0.2,0.2,0.0,0,False,unchanged,0.1,0.1,0.0,False,
raw,photographs_train,coco_train_000000113412,dsp,5,10,0.5,0.5,0.0,0,False,unchanged,0.3,0.3,0.0,False,
raw,photographs_train,coco_train_000000113412,median_cut,5,10,0.5,0.5,0.0,0,False,unchanged,0.3,0.3,0.0,False,
raw,photographs_train,coco_train_000000113412,kmeans_rgb,5,10,0.3,0.3,0.0,0,False,unchanged,0.2,0.2,0.0,False,
raw,photographs_train,coco_train_000000113412,kmeans_lab,5,10,0.3,0.3,0.0,0,False,unchanged,0.2,0.2,0.0,False,
raw,photographs_train,coco_train_000000122527,dsp,5,10,0.2,0.2,0.0,0,False,unchanged,0.1,0.1,0.0,False,
raw,photographs_train,coco_train_000000122527,median_cut,5,10,0.6,0.6,0.0,0,False,unchanged,0.3,0.3,0.0,False,
raw,photographs_train,coco_train_000000122527,kmeans_rgb,5,10,0.4,0.4,0.0,0,False,unchanged,0.3,0.3,0.0,False,
raw,photographs_train,coco_train_000000122527,kmeans_lab,5,10,0.3,0.3,0.0,0,False,unchanged,0.2,0.2,0.0,False,
raw,photographs_train,coco_train_000000171970,dsp,5,10,0.1,0.1,0.0,0,False,unchanged,0.1,0.1,0.0,False,
raw,photographs_train,coco_train_000000171970,median_cut,5,10,0.3,0.3,0.0,0,False,unchanged,0.2,0.2,0.0,False,
raw,photographs_train,coco_train_000000171970,kmeans_rgb,5,10,0.1,0.1,0.0,0,False,unchanged,0.1,0.1,0.0,False,
raw,photographs_train,coco_train_000000171970,kmeans_lab,5,10,0.1,0.1,0.0,0,False,unchanged,0.1,0.1,0.0,False,
raw,photographs_train,coco_train_000000175231,dsp,5,10,0.3,0.3,0.0,0,False,unchanged,0.3,0.3,0.0,False,
raw,photographs_train,coco_train_000000175231,median_cut,5,10,0.3,0.3,0.0,0,False,unchanged,0.2,0.2,0.0,False,
raw,photographs_train,coco_train_000000175231,kmeans_rgb,5,10,0.3,0.3,0.0,0,False,unchanged,0.1,0.1,0.0,False,
raw,photographs_train,coco_train_000000175231,kmeans_lab,5,10,0.3,0.3,0.0,0,False,unchanged,0.1,0.1,0.0,False,
raw,photographs_train,coco_train_000000225543,dsp,5,10,0.4,0.4,0.0,0,False,unchanged,0.2,0.2,0.0,False,
raw,photographs_train,coco_train_000000225543,median_cut,5,10,0.3,0.3,0.0,0,False,unchanged,0.3,0.3,0.0,False,
raw,photographs_train,coco_train_000000225543,kmeans_rgb,5,10,0.4,0.4,0.0,0,False,unchanged,0.2,0.2,0.0,False,
raw,photographs_train,coco_train_000000225543,kmeans_lab,5,10,0.3,0.3,0.0,0,False,unchanged,0.2,0.2,0.0,False,
raw,photographs_train,coco_train_000000267885,dsp,5,10,0.4,0.4,0.0,0,False,unchanged,0.3,0.3,0.0,False,
raw,photographs_train,coco_train_000000267885,median_cut,5,10,0.5,0.5,0.0,0,False,unchanged,0.3,0.3,0.0,False,
raw,photographs_train,coco_train_000000267885,kmeans_rgb,5,10,0.4,0.4,0.0,0,False,unchanged,0.3,0.3,0.0,False,
raw,photographs_train,coco_train_000000267885,kmeans_lab,5,10,0.2,0.2,0.0,0,False,unchanged,0.2,0.2,0.0,False,
raw,photographs_train,coco_train_000000269934,dsp,5,10,0.3,0.3,0.0,0,False,unchanged,0.3,0.3,0.0,False,
raw,photographs_train,coco_train_000000269934,median_cut,5,10,0.0,0.0,0.0,0,False,unchanged,0.0,0.0,0.0,False,
raw,photographs_train,coco_train_000000269934,kmeans_rgb,5,10,0.2,0.2,0.0,0,False,unchanged,0.1,0.1,0.0,False,
raw,photographs_train,coco_train_000000269934,kmeans_lab,5,10,0.3,0.3,0.0,0,False,unchanged,0.1,0.1,0.0,False,
raw,photographs_train,coco_train_000000310042,dsp,5,10,0.4,0.4,0.0,0,False,unchanged,0.2,0.2,0.0,False,
raw,photographs_train,coco_train_000000310042,median_cut,5,10,0.4,0.4,0.0,0,False,unchanged,0.2,0.2,0.0,False,
raw,photographs_train,coco_train_000000310042,kmeans_rgb,5,10,0.3,0.3,0.0,0,False,unchanged,0.3,0.3,0.0,False,
raw,photographs_train,coco_train_000000310042,kmeans_lab,5,10,0.5,0.5,0.0,0,False,unchanged,0.3,0.3,0.0,False,
raw,photographs_train,coco_train_000000317120,dsp,5,10,0.3,0.3,0.0,0,False,unchanged,0.2,0.2,0.0,False,
raw,photographs_train,coco_train_000000317120,median_cut,5,10,0.3,0.3,0.0,0,False,unchanged,0.1,0.1,0.0,False,
raw,photographs_train,coco_train_000000317120,kmeans_rgb,5,10,0.1,0.1,0.0,0,False,unchanged,0.1,0.1,0.0,False,
raw,photographs_train,coco_train_000000317120,kmeans_lab,5,10,0.2,0.2,0.0,0,False,unchanged,0.0,0.0,0.0,False,
raw,photographs_train,coco_train_000000320471,dsp,5,10,0.2,0.2,0.0,0,False,unchanged,0.1,0.1,0.0,False,
raw,photographs_train,coco_train_000000320471,median_cut,5,10,0.2,0.2,0.0,0,False,unchanged,0.1,0.1,0.0,False,
raw,photographs_train,coco_train_000000320471,kmeans_rgb,5,10,0.2,0.2,0.0,0,False,unchanged,0.1,0.1,0.0,False,
raw,photographs_train,coco_train_000000320471,kmeans_lab,5,10,0.2,0.2,0.0,0,False,unchanged,0.1,0.1,0.0,False,
raw,photographs_train,coco_train_000000358307,dsp,5,10,0.3,0.3,0.0,0,False,unchanged,0.1,0.1,0.0,False,
raw,photographs_train,coco_train_000000358307,median_cut,5,10,0.3,0.3,0.0,0,False,unchanged,0.0,0.0,0.0,False,
raw,photographs_train,coco_train_000000358307,kmeans_rgb,5,10,0.3,0.3,0.0,0,False,unchanged,0.1,0.1,0.0,False,
raw,photographs_train,coco_train_000000358307,kmeans_lab,5,10,0.2,0.2,0.0,0,False,unchanged,0.1,0.1,0.0,False,
raw,photographs_train,coco_train_000000371863,dsp,5,10,0.3,0.3,0.0,0,False,unchanged,0.2,0.2,0.0,False,
raw,photographs_train,coco_train_000000371863,median_cut,5,10,0.4,0.4,0.0,0,False,unchanged,0.2,0.2,0.0,False,
raw,photographs_train,coco_train_000000371863,kmeans_rgb,5,10,0.4,0.4,0.0,0,False,unchanged,0.3,0.3,0.0,False,
raw,photographs_train,coco_train_000000371863,kmeans_lab,5,10,0.4,0.4,0.0,0,False,unchanged,0.3,0.3,0.0,False,
raw,photographs_train,coco_train_000000395678,dsp,5,10,0.2,0.2,0.0,0,False,unchanged,0.1,0.1,0.0,False,
raw,photographs_train,coco_train_000000395678,median_cut,5,10,0.3,0.3,0.0,0,False,unchanged,0.2,0.2,0.0,False,
raw,photographs_train,coco_train_000000395678,kmeans_rgb,5,10,0.3,0.3,0.0,0,False,unchanged,0.2,0.2,0.0,False,
raw,photographs_train,coco_train_000000395678,kmeans_lab,5,10,0.3,0.3,0.0,0,False,unchanged,0.2,0.2,0.0,False,
raw,photographs_train,coco_train_000000404943,dsp,5,10,0.2,0.2,0.0,0,False,unchanged,0.1,0.1,0.0,False,
raw,photographs_train,coco_train_000000404943,median_cut,5,10,0.2,0.2,0.0,0,False,unchanged,0.1,0.1,0.0,False,
raw,photographs_train,coco_train_000000404943,kmeans_rgb,5,10,0.2,0.2,0.0,0,False,unchanged,0.1,0.1,0.0,False,
raw,photographs_train,coco_train_000000404943,kmeans_lab,5,10,0.1,0.1,0.0,0,False,unchanged,0.0,0.0,0.0,False,
raw,photographs_train,coco_train_000000481895,dsp,5,10,0.3,0.3,0.0,0,False,unchanged,0.1,0.1,0.0,False,
raw,photographs_train,coco_train_000000481895,median_cut,5,10,0.0,0.0,0.0,0,False,unchanged,0.0,0.0,0.0,False,
raw,photographs_train,coco_train_000000481895,kmeans_rgb,5,10,0.1,0.1,0.0,0,False,unchanged,0.0,0.0,0.0,False,
raw,photographs_train,coco_train_000000481895,kmeans_lab,5,10,0.1,0.1,0.0,0,False,unchanged,0.0,0.0,0.0,False,
raw,photographs_train,coco_train_000000486066,dsp,5,10,0.4,0.4,0.0,0,False,unchanged,0.1,0.1,0.0,False,
raw,photographs_train,coco_train_000000486066,median_cut,5,10,0.5,0.5,0.0,0,False,unchanged,0.3,0.3,0.0,False,
raw,photographs_train,coco_train_000000486066,kmeans_rgb,5,10,0.3,0.3,0.0,0,False,unchanged,0.2,0.2,0.0,False,
raw,photographs_train,coco_train_000000486066,kmeans_lab,5,10,0.2,0.2,0.0,0,False,unchanged,0.1,0.1,0.0,False,
raw,photographs_train,coco_train_000000499054,dsp,5,10,0.3,0.3,0.0,0,False,unchanged,0.1,0.1,0.0,False,
raw,photographs_train,coco_train_000000499054,median_cut,5,10,0.4,0.4,0.0,0,False,unchanged,0.2,0.2,0.0,False,
raw,photographs_train,coco_train_000000499054,kmeans_rgb,5,10,0.3,0.3,0.0,0,False,unchanged,0.1,0.1,0.0,False,
raw,photographs_train,coco_train_000000499054,kmeans_lab,5,10,0.2,0.2,0.0,0,False,unchanged,0.1,0.1,0.0,False,
raw,photographs_train,coco_train_000000507769,dsp,5,10,0.2,0.2,0.0,0,False,unchanged,0.1,0.1,0.0,False,
raw,photographs_train,coco_train_000000507769,median_cut,5,10,0.4,0.4,0.0,0,False,unchanged,0.2,0.2,0.0,False,
raw,photographs_train,coco_train_000000507769,kmeans_rgb,5,10,0.2,0.2,0.0,0,False,unchanged,0.2,0.2,0.0,False,
raw,photographs_train,coco_train_000000507769,kmeans_lab,5,10,0.3,0.3,0.0,0,False,unchanged,0.1,0.1,0.0,False,
raw,photographs_train,coco_train_000000508771,dsp,5,10,0.3,0.3,0.0,0,False,unchanged,0.1,0.1,0.0,False,
raw,photographs_train,coco_train_000000508771,median_cut,5,10,0.0,0.0,0.0,0,False,unchanged,0.0,0.0,0.0,False,
raw,photographs_train,coco_train_000000508771,kmeans_rgb,5,10,0.1,0.1,0.0,0,False,unchanged,0.1,0.1,0.0,False,
raw,photographs_train,coco_train_000000508771,kmeans_lab,5,10,0.2,0.2,0.0,0,False,unchanged,0.0,0.0,0.0,False,
raw,photographs_train,coco_train_000000555535,dsp,5,10,0.2,0.2,0.0,0,False,unchanged,0.2,0.2,0.0,False,
raw,photographs_train,coco_train_000000555535,median_cut,5,10,0.3,0.3,0.0,0,False,unchanged,0.2,0.2,0.0,False,
raw,photographs_train,coco_train_000000555535,kmeans_rgb,5,10,0.4,0.4,0.0,0,False,unchanged,0.1,0.1,0.0,False,
raw,photographs_train,coco_train_000000555535,kmeans_lab,5,10,0.3,0.3,0.0,0,False,unchanged,0.1,0.1,0.0,False,
raw,photographs_train,coco_train_000000555915,dsp,5,10,0.3,0.3,0.0,0,False,unchanged,0.1,0.1,0.0,False,
raw,photographs_train,coco_train_000000555915,median_cut,5,10,0.3,0.3,0.0,0,False,unchanged,0.3,0.3,0.0,False,
raw,photographs_train,coco_train_000000555915,kmeans_rgb,5,10,0.3,0.3,0.0,0,False,unchanged,0.2,0.2,0.0,False,
raw,photographs_train,coco_train_000000555915,kmeans_lab,5,10,0.4,0.4,0.0,0,False,unchanged,0.2,0.2,0.0,False,
ablation,photographs,coco_000000005060,ablation_score_only,5,10,0.4,0.4,0.0,0,False,unchanged,0.2,,,False,
ablation,photographs,coco_000000005060,ablation_score_constraint,5,10,0.4,0.4,0.0,0,False,unchanged,0.2,,,False,
ablation,photographs,coco_000000005060,ablation_full_dsp,5,10,0.4,0.4,0.0,0,False,unchanged,0.2,,,False,
ablation,photographs,coco_000000005060,ablation_freq_only,5,10,0.4,0.4,0.0,0,False,unchanged,0.1,,,False,
ablation,photographs,coco_000000005060,ablation_dist_only,5,10,0.4,0.4,0.0,0,False,unchanged,0.2,,,False,
ablation,photographs,coco_000000005060,kmeans_lab_constrained,5,10,0.4,0.4,0.0,0,False,unchanged,0.2,,,False,
ablation,photographs,coco_000000007281,ablation_score_only,5,10,0.2,0.2,0.0,0,False,unchanged,0.2,,,False,
ablation,photographs,coco_000000007281,ablation_score_constraint,5,10,0.2,0.2,0.0,0,False,unchanged,0.2,,,False,
ablation,photographs,coco_000000007281,ablation_full_dsp,5,10,0.2,0.2,0.0,0,False,unchanged,0.2,,,False,
ablation,photographs,coco_000000007281,ablation_freq_only,5,10,0.4,0.4,0.0,0,False,unchanged,0.2,,,False,
ablation,photographs,coco_000000007281,ablation_dist_only,5,10,0.2,0.2,0.0,0,False,unchanged,0.2,,,False,
ablation,photographs,coco_000000007281,kmeans_lab_constrained,5,10,0.2,0.2,0.0,0,False,unchanged,0.2,,,False,
ablation,photographs,coco_000000008277,ablation_score_only,5,10,0.3,0.3,0.0,0,False,unchanged,0.2,,,False,
ablation,photographs,coco_000000008277,ablation_score_constraint,5,10,0.3,0.3,0.0,0,False,unchanged,0.2,,,False,
ablation,photographs,coco_000000008277,ablation_full_dsp,5,10,0.3,0.3,0.0,0,False,unchanged,0.2,,,False,
ablation,photographs,coco_000000008277,ablation_freq_only,5,10,0.3,0.3,0.0,0,False,unchanged,0.1,,,False,
ablation,photographs,coco_000000008277,ablation_dist_only,5,10,0.3,0.3,0.0,0,False,unchanged,0.2,,,False,
ablation,photographs,coco_000000008277,kmeans_lab_constrained,5,10,0.4,0.4,0.0,0,False,unchanged,0.2,,,False,
ablation,photographs,coco_000000021465,ablation_score_only,5,10,0.5,0.5,0.0,0,False,unchanged,0.2,,,False,
ablation,photographs,coco_000000021465,ablation_score_constraint,5,10,0.5,0.5,0.0,0,False,unchanged,0.2,,,False,
ablation,photographs,coco_000000021465,ablation_full_dsp,5,10,0.5,0.5,0.0,0,False,unchanged,0.2,,,False,
ablation,photographs,coco_000000021465,ablation_freq_only,5,10,0.3,0.3,0.0,0,False,unchanged,0.2,,,False,
ablation,photographs,coco_000000021465,ablation_dist_only,5,10,0.5,0.5,0.0,0,False,unchanged,0.2,,,False,
ablation,photographs,coco_000000021465,kmeans_lab_constrained,5,10,0.3,0.3,0.0,0,False,unchanged,0.0,,,False,
ablation,photographs,coco_000000028449,ablation_score_only,5,10,0.4,0.4,0.0,0,False,unchanged,0.2,,,False,
ablation,photographs,coco_000000028449,ablation_score_constraint,5,10,0.4,0.4,0.0,0,False,unchanged,0.2,,,False,
ablation,photographs,coco_000000028449,ablation_full_dsp,5,10,0.4,0.4,0.0,0,False,unchanged,0.2,,,False,
ablation,photographs,coco_000000028449,ablation_freq_only,5,10,0.2,0.2,0.0,0,False,unchanged,0.1,,,False,
ablation,photographs,coco_000000028449,ablation_dist_only,5,10,0.4,0.4,0.0,0,False,unchanged,0.2,,,False,
ablation,photographs,coco_000000028449,kmeans_lab_constrained,5,10,0.2,0.2,0.0,0,False,unchanged,0.2,,,False,
ablation,photographs,coco_000000033854,ablation_score_only,5,10,0.4,0.4,0.0,0,False,unchanged,0.2,,,False,
ablation,photographs,coco_000000033854,ablation_score_constraint,5,10,0.4,0.4,0.0,0,False,unchanged,0.2,,,False,
ablation,photographs,coco_000000033854,ablation_full_dsp,5,10,0.4,0.4,0.0,0,False,unchanged,0.2,,,False,
ablation,photographs,coco_000000033854,ablation_freq_only,5,10,0.3,0.3,0.0,0,False,unchanged,0.2,,,False,
ablation,photographs,coco_000000033854,ablation_dist_only,5,10,0.4,0.4,0.0,0,False,unchanged,0.2,,,False,
ablation,photographs,coco_000000033854,kmeans_lab_constrained,5,10,0.4,0.4,0.0,0,False,unchanged,0.2,,,False,
ablation,photographs,coco_000000035279,ablation_score_only,5,10,0.4,0.4,0.0,0,False,unchanged,0.2,,,False,
ablation,photographs,coco_000000035279,ablation_score_constraint,5,10,0.4,0.4,0.0,0,False,unchanged,0.2,,,False,
ablation,photographs,coco_000000035279,ablation_full_dsp,5,10,0.4,0.4,0.0,0,False,unchanged,0.2,,,False,
ablation,photographs,coco_000000035279,ablation_freq_only,5,10,0.4,0.4,0.0,0,False,unchanged,0.2,,,False,
ablation,photographs,coco_000000035279,ablation_dist_only,5,10,0.4,0.4,0.0,0,False,unchanged,0.2,,,False,
ablation,photographs,coco_000000035279,kmeans_lab_constrained,5,10,0.4,0.4,0.0,0,False,unchanged,0.2,,,False,
ablation,photographs,coco_000000069106,ablation_score_only,5,10,0.3,0.3,0.0,0,False,unchanged,0.2,,,False,
ablation,photographs,coco_000000069106,ablation_score_constraint,5,10,0.3,0.3,0.0,0,False,unchanged,0.2,,,False,
ablation,photographs,coco_000000069106,ablation_full_dsp,5,10,0.3,0.3,0.0,0,False,unchanged,0.2,,,False,
ablation,photographs,coco_000000069106,ablation_freq_only,5,10,0.1,0.1,0.0,0,False,unchanged,0.0,,,False,
ablation,photographs,coco_000000069106,ablation_dist_only,5,10,0.3,0.3,0.0,0,False,unchanged,0.2,,,False,
ablation,photographs,coco_000000069106,kmeans_lab_constrained,5,10,0.3,0.3,0.0,0,False,unchanged,0.1,,,False,
ablation,photographs,coco_000000075393,ablation_score_only,5,10,0.3,0.3,0.0,0,False,unchanged,0.2,,,False,
ablation,photographs,coco_000000075393,ablation_score_constraint,5,10,0.3,0.3,0.0,0,False,unchanged,0.2,,,False,
ablation,photographs,coco_000000075393,ablation_full_dsp,5,10,0.3,0.3,0.0,0,False,unchanged,0.2,,,False,
ablation,photographs,coco_000000075393,ablation_freq_only,5,10,0.3,0.3,0.0,0,False,unchanged,0.2,,,False,
ablation,photographs,coco_000000075393,ablation_dist_only,5,10,0.3,0.3,0.0,0,False,unchanged,0.2,,,False,
ablation,photographs,coco_000000075393,kmeans_lab_constrained,5,10,0.3,0.3,0.0,0,False,unchanged,0.2,,,False,
ablation,photographs,coco_000000085329,ablation_score_only,5,10,0.5,0.5,0.0,0,False,unchanged,0.3,,,False,
ablation,photographs,coco_000000085329,ablation_score_constraint,5,10,0.5,0.5,0.0,0,False,unchanged,0.3,,,False,
ablation,photographs,coco_000000085329,ablation_full_dsp,5,10,0.5,0.5,0.0,0,False,unchanged,0.3,,,False,
ablation,photographs,coco_000000085329,ablation_freq_only,5,10,0.4,0.4,0.0,0,False,unchanged,0.3,,,False,
ablation,photographs,coco_000000085329,ablation_dist_only,5,10,0.5,0.5,0.0,0,False,unchanged,0.3,,,False,
ablation,photographs,coco_000000085329,kmeans_lab_constrained,5,10,0.5,0.5,0.0,0,False,unchanged,0.3,,,False,
ablation,photographs,coco_000000090062,ablation_score_only,5,10,0.4,0.4,0.0,0,False,unchanged,0.2,,,False,
ablation,photographs,coco_000000090062,ablation_score_constraint,5,10,0.4,0.4,0.0,0,False,unchanged,0.2,,,False,
ablation,photographs,coco_000000090062,ablation_full_dsp,5,10,0.4,0.4,0.0,0,False,unchanged,0.2,,,False,
ablation,photographs,coco_000000090062,ablation_freq_only,5,10,0.4,0.4,0.0,0,False,unchanged,0.1,,,False,
ablation,photographs,coco_000000090062,ablation_dist_only,5,10,0.4,0.4,0.0,0,False,unchanged,0.2,,,False,
ablation,photographs,coco_000000090062,kmeans_lab_constrained,5,10,0.4,0.4,0.0,0,False,unchanged,0.2,,,False,
ablation,photographs,coco_000000101022,ablation_score_only,5,10,0.4,0.4,0.0,0,False,unchanged,0.1,,,False,
ablation,photographs,coco_000000101022,ablation_score_constraint,5,10,0.4,0.4,0.0,0,False,unchanged,0.1,,,False,
ablation,photographs,coco_000000101022,ablation_full_dsp,5,10,0.4,0.4,0.0,0,False,unchanged,0.1,,,False,
ablation,photographs,coco_000000101022,ablation_freq_only,5,10,0.4,0.4,0.0,0,False,unchanged,0.2,,,False,
ablation,photographs,coco_000000101022,ablation_dist_only,5,10,0.4,0.4,0.0,0,False,unchanged,0.1,,,False,
ablation,photographs,coco_000000101022,kmeans_lab_constrained,5,10,0.4,0.4,0.0,0,False,unchanged,0.1,,,False,
ablation,photographs,coco_000000104666,ablation_score_only,5,10,0.4,0.4,0.0,0,False,unchanged,0.2,,,False,"[[1, 1, 0]]"
ablation,photographs,coco_000000104666,ablation_score_constraint,5,10,0.4,0.4,0.0,0,False,unchanged,0.2,,,False,"[[1, 1, 0]]"
ablation,photographs,coco_000000104666,ablation_full_dsp,5,10,0.4,0.4,0.0,0,False,unchanged,0.2,,,False,"[[1, 1, 0]]"
ablation,photographs,coco_000000104666,ablation_freq_only,5,10,0.2,0.3,0.1,1,True,fail_to_pass,0.0,0.2,0.2,True,"[[1, 1, 0]]"
ablation,photographs,coco_000000104666,ablation_dist_only,5,10,0.4,0.4,0.0,0,False,unchanged,0.2,,,False,"[[1, 1, 0]]"
ablation,photographs,coco_000000104666,kmeans_lab_constrained,5,10,0.3,0.3,0.0,0,False,unchanged,0.2,,,False,
ablation,photographs,coco_000000107226,ablation_score_only,5,10,0.2,0.2,0.0,0,False,unchanged,0.1,,,False,
ablation,photographs,coco_000000107226,ablation_score_constraint,5,10,0.2,0.2,0.0,0,False,unchanged,0.1,,,False,
ablation,photographs,coco_000000107226,ablation_full_dsp,5,10,0.2,0.2,0.0,0,False,unchanged,0.1,,,False,
ablation,photographs,coco_000000107226,ablation_freq_only,5,10,0.2,0.2,0.0,0,False,unchanged,0.1,,,False,
ablation,photographs,coco_000000107226,ablation_dist_only,5,10,0.2,0.2,0.0,0,False,unchanged,0.1,,,False,
ablation,photographs,coco_000000107226,kmeans_lab_constrained,5,10,0.2,0.2,0.0,0,False,unchanged,0.2,,,False,
ablation,photographs,coco_000000117645,ablation_score_only,5,10,0.1,0.1,0.0,0,False,unchanged,0.0,,,False,
ablation,photographs,coco_000000117645,ablation_score_constraint,5,10,0.1,0.1,0.0,0,False,unchanged,0.0,,,False,
ablation,photographs,coco_000000117645,ablation_full_dsp,5,10,0.1,0.1,0.0,0,False,unchanged,0.0,,,False,
ablation,photographs,coco_000000117645,ablation_freq_only,5,10,0.1,0.1,0.0,0,False,unchanged,0.0,,,False,
ablation,photographs,coco_000000117645,ablation_dist_only,5,10,0.1,0.1,0.0,0,False,unchanged,0.0,,,False,
ablation,photographs,coco_000000117645,kmeans_lab_constrained,5,10,0.1,0.1,0.0,0,False,unchanged,0.0,,,False,
ablation,photographs,coco_000000119516,ablation_score_only,5,10,0.2,0.2,0.0,0,False,unchanged,0.1,,,False,
ablation,photographs,coco_000000119516,ablation_score_constraint,5,10,0.2,0.2,0.0,0,False,unchanged,0.1,,,False,
ablation,photographs,coco_000000119516,ablation_full_dsp,5,10,0.2,0.2,0.0,0,False,unchanged,0.1,,,False,
ablation,photographs,coco_000000119516,ablation_freq_only,5,10,0.4,0.4,0.0,0,False,unchanged,0.3,,,False,
ablation,photographs,coco_000000119516,ablation_dist_only,5,10,0.2,0.2,0.0,0,False,unchanged,0.1,,,False,
ablation,photographs,coco_000000119516,kmeans_lab_constrained,5,10,0.2,0.2,0.0,0,False,unchanged,0.1,,,False,
ablation,photographs,coco_000000145020,ablation_score_only,5,10,0.4,0.4,0.0,0,False,unchanged,0.0,,,False,"[[1, 1, 1]]"
ablation,photographs,coco_000000145020,ablation_score_constraint,5,10,0.4,0.4,0.0,0,False,unchanged,0.0,,,False,"[[1, 1, 1]]"
ablation,photographs,coco_000000145020,ablation_full_dsp,5,10,0.4,0.4,0.0,0,False,unchanged,0.0,,,False,"[[1, 1, 1]]"
ablation,photographs,coco_000000145020,ablation_freq_only,5,10,0.3,0.3,0.0,0,False,unchanged,0.1,,,False,"[[1, 1, 1]]"
ablation,photographs,coco_000000145020,ablation_dist_only,5,10,0.4,0.4,0.0,0,False,unchanged,0.0,,,False,"[[1, 1, 1]]"
ablation,photographs,coco_000000145020,kmeans_lab_constrained,5,10,0.1,0.1,0.0,0,False,unchanged,0.0,,,False,
ablation,photographs,coco_000000161128,ablation_score_only,5,10,0.3,0.3,0.0,0,False,unchanged,0.2,,,False,
ablation,photographs,coco_000000161128,ablation_score_constraint,5,10,0.3,0.3,0.0,0,False,unchanged,0.2,,,False,
ablation,photographs,coco_000000161128,ablation_full_dsp,5,10,0.3,0.3,0.0,0,False,unchanged,0.2,,,False,
ablation,photographs,coco_000000161128,ablation_freq_only,5,10,0.4,0.4,0.0,0,False,unchanged,0.1,,,False,
ablation,photographs,coco_000000161128,ablation_dist_only,5,10,0.3,0.3,0.0,0,False,unchanged,0.2,,,False,
ablation,photographs,coco_000000161128,kmeans_lab_constrained,5,10,0.4,0.4,0.0,0,False,unchanged,0.2,,,False,
ablation,photographs,coco_000000162543,ablation_score_only,5,10,0.0,0.4,0.4,4,True,fail_to_pass,0.0,0.2,0.2,True,"[[0, 1, 0]]"
ablation,photographs,coco_000000162543,ablation_score_constraint,5,10,0.0,0.4,0.4,4,True,fail_to_pass,0.0,0.2,0.2,True,"[[0, 1, 0]]"
ablation,photographs,coco_000000162543,ablation_full_dsp,5,10,0.2,0.4,0.2,2,True,fail_to_pass,0.2,0.2,0.0,False,"[[0, 1, 0]]"
ablation,photographs,coco_000000162543,ablation_freq_only,5,10,0.4,0.4,0.0,0,False,unchanged,0.4,,,False,
ablation,photographs,coco_000000162543,ablation_dist_only,5,10,0.2,0.4,0.2,2,True,fail_to_pass,0.2,0.2,0.0,False,"[[0, 1, 0]]"
ablation,photographs,coco_000000162543,kmeans_lab_constrained,5,10,0.5,0.5,0.0,0,False,unchanged,0.3,,,False,
ablation,photographs,coco_000000166287,ablation_score_only,5,10,0.1,0.1,0.0,0,False,unchanged,0.0,,,False,
ablation,photographs,coco_000000166287,ablation_score_constraint,5,10,0.1,0.1,0.0,0,False,unchanged,0.0,,,False,
ablation,photographs,coco_000000166287,ablation_full_dsp,5,10,0.1,0.1,0.0,0,False,unchanged,0.0,,,False,
ablation,photographs,coco_000000166287,ablation_freq_only,5,10,0.1,0.1,0.0,0,False,unchanged,0.0,,,False,
ablation,photographs,coco_000000166287,ablation_dist_only,5,10,0.1,0.1,0.0,0,False,unchanged,0.0,,,False,
ablation,photographs,coco_000000166287,kmeans_lab_constrained,5,10,0.1,0.1,0.0,0,False,unchanged,0.0,,,False,
ablation,photographs,coco_000000168974,ablation_score_only,5,10,0.4,0.4,0.0,0,False,unchanged,0.2,,,False,
ablation,photographs,coco_000000168974,ablation_score_constraint,5,10,0.4,0.4,0.0,0,False,unchanged,0.2,,,False,
ablation,photographs,coco_000000168974,ablation_full_dsp,5,10,0.4,0.4,0.0,0,False,unchanged,0.2,,,False,
ablation,photographs,coco_000000168974,ablation_freq_only,5,10,0.2,0.2,0.0,0,False,unchanged,0.0,,,False,
ablation,photographs,coco_000000168974,ablation_dist_only,5,10,0.4,0.4,0.0,0,False,unchanged,0.2,,,False,
ablation,photographs,coco_000000168974,kmeans_lab_constrained,5,10,0.2,0.2,0.0,0,False,unchanged,0.1,,,False,
ablation,photographs,coco_000000169169,ablation_score_only,5,10,0.4,0.4,0.0,0,False,unchanged,0.2,,,False,
ablation,photographs,coco_000000169169,ablation_score_constraint,5,10,0.4,0.4,0.0,0,False,unchanged,0.2,,,False,
ablation,photographs,coco_000000169169,ablation_full_dsp,5,10,0.4,0.4,0.0,0,False,unchanged,0.2,,,False,
ablation,photographs,coco_000000169169,ablation_freq_only,5,10,0.2,0.2,0.0,0,False,unchanged,0.0,,,False,
ablation,photographs,coco_000000169169,ablation_dist_only,5,10,0.4,0.4,0.0,0,False,unchanged,0.2,,,False,
ablation,photographs,coco_000000169169,kmeans_lab_constrained,5,10,0.4,0.4,0.0,0,False,unchanged,0.1,,,False,
ablation,photographs,coco_000000184400,ablation_score_only,5,10,0.2,0.2,0.0,0,False,unchanged,0.1,,,False,
ablation,photographs,coco_000000184400,ablation_score_constraint,5,10,0.2,0.2,0.0,0,False,unchanged,0.1,,,False,
ablation,photographs,coco_000000184400,ablation_full_dsp,5,10,0.2,0.2,0.0,0,False,unchanged,0.1,,,False,
ablation,photographs,coco_000000184400,ablation_freq_only,5,10,0.2,0.2,0.0,0,False,unchanged,0.0,,,False,
ablation,photographs,coco_000000184400,ablation_dist_only,5,10,0.2,0.2,0.0,0,False,unchanged,0.1,,,False,
ablation,photographs,coco_000000184400,kmeans_lab_constrained,5,10,0.2,0.2,0.0,0,False,unchanged,0.1,,,False,
ablation,photographs,coco_000000186632,ablation_score_only,5,10,0.3,0.3,0.0,0,False,unchanged,0.2,,,False,
ablation,photographs,coco_000000186632,ablation_score_constraint,5,10,0.3,0.3,0.0,0,False,unchanged,0.2,,,False,
ablation,photographs,coco_000000186632,ablation_full_dsp,5,10,0.3,0.3,0.0,0,False,unchanged,0.2,,,False,
ablation,photographs,coco_000000186632,ablation_freq_only,5,10,0.5,0.5,0.0,0,False,unchanged,0.3,,,False,
ablation,photographs,coco_000000186632,ablation_dist_only,5,10,0.4,0.4,0.0,0,False,unchanged,0.2,,,False,
ablation,photographs,coco_000000186632,kmeans_lab_constrained,5,10,0.4,0.4,0.0,0,False,unchanged,0.2,,,False,
ablation,photographs,coco_000000187249,ablation_score_only,5,10,0.5,0.5,0.0,0,False,unchanged,0.3,,,False,
ablation,photographs,coco_000000187249,ablation_score_constraint,5,10,0.5,0.5,0.0,0,False,unchanged,0.3,,,False,
ablation,photographs,coco_000000187249,ablation_full_dsp,5,10,0.5,0.5,0.0,0,False,unchanged,0.3,,,False,
ablation,photographs,coco_000000187249,ablation_freq_only,5,10,0.4,0.4,0.0,0,False,unchanged,0.3,,,False,
ablation,photographs,coco_000000187249,ablation_dist_only,5,10,0.4,0.4,0.0,0,False,unchanged,0.2,,,False,
ablation,photographs,coco_000000187249,kmeans_lab_constrained,5,10,0.4,0.4,0.0,0,False,unchanged,0.3,,,False,
ablation,photographs,coco_000000190923,ablation_score_only,5,10,0.4,0.4,0.0,0,False,unchanged,0.2,,,False,
ablation,photographs,coco_000000190923,ablation_score_constraint,5,10,0.4,0.4,0.0,0,False,unchanged,0.2,,,False,
ablation,photographs,coco_000000190923,ablation_full_dsp,5,10,0.4,0.4,0.0,0,False,unchanged,0.2,,,False,
ablation,photographs,coco_000000190923,ablation_freq_only,5,10,0.1,0.1,0.0,0,False,unchanged,0.0,,,False,
ablation,photographs,coco_000000190923,ablation_dist_only,5,10,0.4,0.4,0.0,0,False,unchanged,0.2,,,False,
ablation,photographs,coco_000000190923,kmeans_lab_constrained,5,10,0.1,0.1,0.0,0,False,unchanged,0.1,,,False,
ablation,photographs,coco_000000213035,ablation_score_only,5,10,0.3,0.3,0.0,0,False,unchanged,0.2,,,False,"[[1, 1, 1]]"
ablation,photographs,coco_000000213035,ablation_score_constraint,5,10,0.3,0.3,0.0,0,False,unchanged,0.2,,,False,"[[1, 1, 1]]"
ablation,photographs,coco_000000213035,ablation_full_dsp,5,10,0.3,0.3,0.0,0,False,unchanged,0.2,,,False,"[[1, 1, 1]]"
ablation,photographs,coco_000000213035,ablation_freq_only,5,10,0.5,0.3,-0.2,-2,True,pass_to_fail,0.3,0.2,-0.1,True,"[[1, 1, 1]]"
ablation,photographs,coco_000000213035,ablation_dist_only,5,10,0.3,0.3,0.0,0,False,unchanged,0.2,,,False,"[[1, 1, 1]]"
ablation,photographs,coco_000000213035,kmeans_lab_constrained,5,10,0.3,0.3,0.0,0,False,unchanged,0.2,,,False,
ablation,photographs,coco_000000228214,ablation_score_only,5,10,0.4,0.4,0.0,0,False,unchanged,0.1,,,False,
ablation,photographs,coco_000000228214,ablation_score_constraint,5,10,0.4,0.4,0.0,0,False,unchanged,0.1,,,False,
ablation,photographs,coco_000000228214,ablation_full_dsp,5,10,0.4,0.4,0.0,0,False,unchanged,0.1,,,False,
ablation,photographs,coco_000000228214,ablation_freq_only,5,10,0.5,0.5,0.0,0,False,unchanged,0.4,,,False,
ablation,photographs,coco_000000228214,ablation_dist_only,5,10,0.4,0.4,0.0,0,False,unchanged,0.1,,,False,
ablation,photographs,coco_000000228214,kmeans_lab_constrained,5,10,0.3,0.3,0.0,0,False,unchanged,0.2,,,False,
ablation,photographs,coco_000000233370,ablation_score_only,5,10,0.4,0.4,0.0,0,False,unchanged,0.2,,,False,
ablation,photographs,coco_000000233370,ablation_score_constraint,5,10,0.4,0.4,0.0,0,False,unchanged,0.2,,,False,
ablation,photographs,coco_000000233370,ablation_full_dsp,5,10,0.4,0.4,0.0,0,False,unchanged,0.2,,,False,
ablation,photographs,coco_000000233370,ablation_freq_only,5,10,0.3,0.3,0.0,0,False,unchanged,0.2,,,False,
ablation,photographs,coco_000000233370,ablation_dist_only,5,10,0.4,0.4,0.0,0,False,unchanged,0.2,,,False,
ablation,photographs,coco_000000233370,kmeans_lab_constrained,5,10,0.4,0.4,0.0,0,False,unchanged,0.1,,,False,
ablation,photographs,coco_000000236690,ablation_score_only,5,10,0.4,0.4,0.0,0,False,unchanged,0.2,,,False,
ablation,photographs,coco_000000236690,ablation_score_constraint,5,10,0.4,0.4,0.0,0,False,unchanged,0.2,,,False,
ablation,photographs,coco_000000236690,ablation_full_dsp,5,10,0.4,0.4,0.0,0,False,unchanged,0.2,,,False,
ablation,photographs,coco_000000236690,ablation_freq_only,5,10,0.2,0.2,0.0,0,False,unchanged,0.1,,,False,
ablation,photographs,coco_000000236690,ablation_dist_only,5,10,0.4,0.4,0.0,0,False,unchanged,0.3,,,False,
ablation,photographs,coco_000000236690,kmeans_lab_constrained,5,10,0.3,0.3,0.0,0,False,unchanged,0.1,,,False,
ablation,photographs,coco_000000244379,ablation_score_only,5,10,0.4,0.4,0.0,0,False,unchanged,0.3,,,False,
ablation,photographs,coco_000000244379,ablation_score_constraint,5,10,0.4,0.4,0.0,0,False,unchanged,0.3,,,False,
ablation,photographs,coco_000000244379,ablation_full_dsp,5,10,0.4,0.4,0.0,0,False,unchanged,0.3,,,False,
ablation,photographs,coco_000000244379,ablation_freq_only,5,10,0.4,0.4,0.0,0,False,unchanged,0.3,,,False,
ablation,photographs,coco_000000244379,ablation_dist_only,5,10,0.5,0.5,0.0,0,False,unchanged,0.3,,,False,
ablation,photographs,coco_000000244379,kmeans_lab_constrained,5,10,0.3,0.3,0.0,0,False,unchanged,0.2,,,False,
ablation,photographs,coco_000000252216,ablation_score_only,5,10,0.4,0.4,0.0,0,False,unchanged,0.2,,,False,
ablation,photographs,coco_000000252216,ablation_score_constraint,5,10,0.4,0.4,0.0,0,False,unchanged,0.2,,,False,
ablation,photographs,coco_000000252216,ablation_full_dsp,5,10,0.4,0.4,0.0,0,False,unchanged,0.2,,,False,
ablation,photographs,coco_000000252216,ablation_freq_only,5,10,0.2,0.2,0.0,0,False,unchanged,0.1,,,False,
ablation,photographs,coco_000000252216,ablation_dist_only,5,10,0.4,0.4,0.0,0,False,unchanged,0.3,,,False,
ablation,photographs,coco_000000252216,kmeans_lab_constrained,5,10,0.2,0.2,0.0,0,False,unchanged,0.1,,,False,
ablation,photographs,coco_000000255749,ablation_score_only,5,10,0.5,0.5,0.0,0,False,unchanged,0.3,,,False,
ablation,photographs,coco_000000255749,ablation_score_constraint,5,10,0.5,0.5,0.0,0,False,unchanged,0.3,,,False,
ablation,photographs,coco_000000255749,ablation_full_dsp,5,10,0.5,0.5,0.0,0,False,unchanged,0.3,,,False,
ablation,photographs,coco_000000255749,ablation_freq_only,5,10,0.4,0.4,0.0,0,False,unchanged,0.3,,,False,
ablation,photographs,coco_000000255749,ablation_dist_only,5,10,0.5,0.5,0.0,0,False,unchanged,0.3,,,False,
ablation,photographs,coco_000000255749,kmeans_lab_constrained,5,10,0.4,0.4,0.0,0,False,unchanged,0.2,,,False,"[[1, 1, 1]]"
ablation,photographs,coco_000000262487,ablation_score_only,5,10,0.3,0.3,0.0,0,False,unchanged,0.1,,,False,
ablation,photographs,coco_000000262487,ablation_score_constraint,5,10,0.3,0.3,0.0,0,False,unchanged,0.1,,,False,
ablation,photographs,coco_000000262487,ablation_full_dsp,5,10,0.3,0.3,0.0,0,False,unchanged,0.1,,,False,
ablation,photographs,coco_000000262487,ablation_freq_only,5,10,0.1,0.1,0.0,0,False,unchanged,0.0,,,False,
ablation,photographs,coco_000000262487,ablation_dist_only,5,10,0.3,0.3,0.0,0,False,unchanged,0.1,,,False,
ablation,photographs,coco_000000262487,kmeans_lab_constrained,5,10,0.4,0.4,0.0,0,False,unchanged,0.1,,,False,
ablation,photographs,coco_000000275791,ablation_score_only,5,10,0.2,0.2,0.0,0,False,unchanged,0.2,,,False,
ablation,photographs,coco_000000275791,ablation_score_constraint,5,10,0.2,0.2,0.0,0,False,unchanged,0.2,,,False,
ablation,photographs,coco_000000275791,ablation_full_dsp,5,10,0.2,0.2,0.0,0,False,unchanged,0.2,,,False,
ablation,photographs,coco_000000275791,ablation_freq_only,5,10,0.4,0.4,0.0,0,False,unchanged,0.2,,,False,
ablation,photographs,coco_000000275791,ablation_dist_only,5,10,0.2,0.2,0.0,0,False,unchanged,0.2,,,False,
ablation,photographs,coco_000000275791,kmeans_lab_constrained,5,10,0.4,0.4,0.0,0,False,unchanged,0.1,,,False,
ablation,photographs,coco_000000281693,ablation_score_only,5,10,0.4,0.4,0.0,0,False,unchanged,0.2,,,False,
ablation,photographs,coco_000000281693,ablation_score_constraint,5,10,0.4,0.4,0.0,0,False,unchanged,0.2,,,False,
ablation,photographs,coco_000000281693,ablation_full_dsp,5,10,0.4,0.4,0.0,0,False,unchanged,0.2,,,False,
ablation,photographs,coco_000000281693,ablation_freq_only,5,10,0.3,0.3,0.0,0,False,unchanged,0.1,,,False,
ablation,photographs,coco_000000281693,ablation_dist_only,5,10,0.4,0.4,0.0,0,False,unchanged,0.2,,,False,
ablation,photographs,coco_000000281693,kmeans_lab_constrained,5,10,0.2,0.2,0.0,0,False,unchanged,0.2,,,False,
ablation,photographs,coco_000000283520,ablation_score_only,5,10,0.4,0.4,0.0,0,False,unchanged,0.2,,,False,
ablation,photographs,coco_000000283520,ablation_score_constraint,5,10,0.4,0.4,0.0,0,False,unchanged,0.2,,,False,
ablation,photographs,coco_000000283520,ablation_full_dsp,5,10,0.4,0.4,0.0,0,False,unchanged,0.2,,,False,
ablation,photographs,coco_000000283520,ablation_freq_only,5,10,0.2,0.2,0.0,0,False,unchanged,0.1,,,False,
ablation,photographs,coco_000000283520,ablation_dist_only,5,10,0.4,0.4,0.0,0,False,unchanged,0.2,,,False,
ablation,photographs,coco_000000283520,kmeans_lab_constrained,5,10,0.2,0.2,0.0,0,False,unchanged,0.1,,,False,
ablation,photographs,coco_000000284106,ablation_score_only,5,10,0.3,0.3,0.0,0,False,unchanged,0.2,,,False,
ablation,photographs,coco_000000284106,ablation_score_constraint,5,10,0.3,0.3,0.0,0,False,unchanged,0.2,,,False,
ablation,photographs,coco_000000284106,ablation_full_dsp,5,10,0.3,0.3,0.0,0,False,unchanged,0.2,,,False,
ablation,photographs,coco_000000284106,ablation_freq_only,5,10,0.2,0.2,0.0,0,False,unchanged,0.1,,,False,
ablation,photographs,coco_000000284106,ablation_dist_only,5,10,0.2,0.2,0.0,0,False,unchanged,0.2,,,False,
ablation,photographs,coco_000000284106,kmeans_lab_constrained,5,10,0.2,0.2,0.0,0,False,unchanged,0.1,,,False,
ablation,photographs,coco_000000288762,ablation_score_only,5,10,0.4,0.4,0.0,0,False,unchanged,0.1,,,False,
ablation,photographs,coco_000000288762,ablation_score_constraint,5,10,0.4,0.4,0.0,0,False,unchanged,0.1,,,False,
ablation,photographs,coco_000000288762,ablation_full_dsp,5,10,0.4,0.4,0.0,0,False,unchanged,0.1,,,False,
ablation,photographs,coco_000000288762,ablation_freq_only,5,10,0.3,0.3,0.0,0,False,unchanged,0.1,,,False,
ablation,photographs,coco_000000288762,ablation_dist_only,5,10,0.4,0.4,0.0,0,False,unchanged,0.1,,,False,
ablation,photographs,coco_000000288762,kmeans_lab_constrained,5,10,0.3,0.3,0.0,0,False,unchanged,0.2,,,False,
ablation,photographs,coco_000000294163,ablation_score_only,5,10,0.3,0.3,0.0,0,False,unchanged,0.2,,,False,
ablation,photographs,coco_000000294163,ablation_score_constraint,5,10,0.3,0.3,0.0,0,False,unchanged,0.2,,,False,
ablation,photographs,coco_000000294163,ablation_full_dsp,5,10,0.3,0.3,0.0,0,False,unchanged,0.2,,,False,
ablation,photographs,coco_000000294163,ablation_freq_only,5,10,0.2,0.2,0.0,0,False,unchanged,0.1,,,False,
ablation,photographs,coco_000000294163,ablation_dist_only,5,10,0.3,0.3,0.0,0,False,unchanged,0.2,,,False,
ablation,photographs,coco_000000294163,kmeans_lab_constrained,5,10,0.4,0.4,0.0,0,False,unchanged,0.3,,,False,
ablation,photographs,coco_000000300233,ablation_score_only,5,10,0.2,0.2,0.0,0,False,unchanged,0.1,,,False,
ablation,photographs,coco_000000300233,ablation_score_constraint,5,10,0.2,0.2,0.0,0,False,unchanged,0.1,,,False,
ablation,photographs,coco_000000300233,ablation_full_dsp,5,10,0.2,0.2,0.0,0,False,unchanged,0.1,,,False,
ablation,photographs,coco_000000300233,ablation_freq_only,5,10,0.3,0.3,0.0,0,False,unchanged,0.1,,,False,
ablation,photographs,coco_000000300233,ablation_dist_only,5,10,0.2,0.2,0.0,0,False,unchanged,0.1,,,False,
ablation,photographs,coco_000000300233,kmeans_lab_constrained,5,10,0.2,0.2,0.0,0,False,unchanged,0.0,,,False,
ablation,photographs,coco_000000307145,ablation_score_only,5,10,0.3,0.3,0.0,0,False,unchanged,0.2,,,False,
ablation,photographs,coco_000000307145,ablation_score_constraint,5,10,0.3,0.3,0.0,0,False,unchanged,0.2,,,False,
ablation,photographs,coco_000000307145,ablation_full_dsp,5,10,0.3,0.3,0.0,0,False,unchanged,0.2,,,False,
ablation,photographs,coco_000000307145,ablation_freq_only,5,10,0.4,0.4,0.0,0,False,unchanged,0.2,,,False,
ablation,photographs,coco_000000307145,ablation_dist_only,5,10,0.3,0.3,0.0,0,False,unchanged,0.2,,,False,
ablation,photographs,coco_000000307145,kmeans_lab_constrained,5,10,0.2,0.2,0.0,0,False,unchanged,0.1,,,False,
ablation,photographs,coco_000000315187,ablation_score_only,5,10,0.3,0.3,0.0,0,False,unchanged,0.1,,,False,
ablation,photographs,coco_000000315187,ablation_score_constraint,5,10,0.3,0.3,0.0,0,False,unchanged,0.1,,,False,
ablation,photographs,coco_000000315187,ablation_full_dsp,5,10,0.3,0.3,0.0,0,False,unchanged,0.1,,,False,
ablation,photographs,coco_000000315187,ablation_freq_only,5,10,0.4,0.4,0.0,0,False,unchanged,0.2,,,False,
ablation,photographs,coco_000000315187,ablation_dist_only,5,10,0.3,0.3,0.0,0,False,unchanged,0.1,,,False,
ablation,photographs,coco_000000315187,kmeans_lab_constrained,5,10,0.2,0.2,0.0,0,False,unchanged,0.2,,,False,
ablation,photographs,coco_000000334977,ablation_score_only,5,10,0.3,0.3,0.0,0,False,unchanged,0.1,,,False,
ablation,photographs,coco_000000334977,ablation_score_constraint,5,10,0.3,0.3,0.0,0,False,unchanged,0.1,,,False,
ablation,photographs,coco_000000334977,ablation_full_dsp,5,10,0.3,0.3,0.0,0,False,unchanged,0.1,,,False,
ablation,photographs,coco_000000334977,ablation_freq_only,5,10,0.4,0.4,0.0,0,False,unchanged,0.1,,,False,
ablation,photographs,coco_000000334977,ablation_dist_only,5,10,0.3,0.3,0.0,0,False,unchanged,0.1,,,False,
ablation,photographs,coco_000000334977,kmeans_lab_constrained,5,10,0.3,0.3,0.0,0,False,unchanged,0.1,,,False,
ablation,photographs,coco_000000335427,ablation_score_only,5,10,0.4,0.4,0.0,0,False,unchanged,0.2,,,False,
ablation,photographs,coco_000000335427,ablation_score_constraint,5,10,0.4,0.4,0.0,0,False,unchanged,0.2,,,False,
ablation,photographs,coco_000000335427,ablation_full_dsp,5,10,0.4,0.4,0.0,0,False,unchanged,0.2,,,False,
ablation,photographs,coco_000000335427,ablation_freq_only,5,10,0.1,0.1,0.0,0,False,unchanged,0.0,,,False,
ablation,photographs,coco_000000335427,ablation_dist_only,5,10,0.4,0.4,0.0,0,False,unchanged,0.2,,,False,
ablation,photographs,coco_000000335427,kmeans_lab_constrained,5,10,0.3,0.3,0.0,0,False,unchanged,0.2,,,False,
ablation,photographs,coco_000000346232,ablation_score_only,5,10,0.3,0.3,0.0,0,False,unchanged,0.2,,,False,
ablation,photographs,coco_000000346232,ablation_score_constraint,5,10,0.3,0.3,0.0,0,False,unchanged,0.2,,,False,
ablation,photographs,coco_000000346232,ablation_full_dsp,5,10,0.3,0.3,0.0,0,False,unchanged,0.2,,,False,
ablation,photographs,coco_000000346232,ablation_freq_only,5,10,0.1,0.1,0.0,0,False,unchanged,0.1,,,False,
ablation,photographs,coco_000000346232,ablation_dist_only,5,10,0.2,0.2,0.0,0,False,unchanged,0.2,,,False,
ablation,photographs,coco_000000346232,kmeans_lab_constrained,5,10,0.4,0.4,0.0,0,False,unchanged,0.2,,,False,
ablation,photographs,coco_000000369037,ablation_score_only,5,10,0.3,0.3,0.0,0,False,unchanged,0.1,,,False,
ablation,photographs,coco_000000369037,ablation_score_constraint,5,10,0.3,0.3,0.0,0,False,unchanged,0.1,,,False,
ablation,photographs,coco_000000369037,ablation_full_dsp,5,10,0.3,0.3,0.0,0,False,unchanged,0.1,,,False,
ablation,photographs,coco_000000369037,ablation_freq_only,5,10,0.1,0.1,0.0,0,False,unchanged,0.0,,,False,
ablation,photographs,coco_000000369037,ablation_dist_only,5,10,0.2,0.2,0.0,0,False,unchanged,0.1,,,False,
ablation,photographs,coco_000000369037,kmeans_lab_constrained,5,10,0.1,0.1,0.0,0,False,unchanged,0.1,,,False,
ablation,photographs,coco_000000371472,ablation_score_only,5,10,0.3,0.3,0.0,0,False,unchanged,0.2,,,False,
ablation,photographs,coco_000000371472,ablation_score_constraint,5,10,0.3,0.3,0.0,0,False,unchanged,0.2,,,False,
ablation,photographs,coco_000000371472,ablation_full_dsp,5,10,0.3,0.3,0.0,0,False,unchanged,0.2,,,False,
ablation,photographs,coco_000000371472,ablation_freq_only,5,10,0.1,0.1,0.0,0,False,unchanged,0.1,,,False,
ablation,photographs,coco_000000371472,ablation_dist_only,5,10,0.3,0.3,0.0,0,False,unchanged,0.2,,,False,
ablation,photographs,coco_000000371472,kmeans_lab_constrained,5,10,0.4,0.4,0.0,0,False,unchanged,0.1,,,False,
ablation,photographs,coco_000000380706,ablation_score_only,5,10,0.3,0.3,0.0,0,False,unchanged,0.2,,,False,
ablation,photographs,coco_000000380706,ablation_score_constraint,5,10,0.3,0.3,0.0,0,False,unchanged,0.2,,,False,
ablation,photographs,coco_000000380706,ablation_full_dsp,5,10,0.3,0.3,0.0,0,False,unchanged,0.2,,,False,
ablation,photographs,coco_000000380706,ablation_freq_only,5,10,0.3,0.3,0.0,0,False,unchanged,0.2,,,False,
ablation,photographs,coco_000000380706,ablation_dist_only,5,10,0.3,0.3,0.0,0,False,unchanged,0.2,,,False,
ablation,photographs,coco_000000380706,kmeans_lab_constrained,5,10,0.2,0.2,0.0,0,False,unchanged,0.1,,,False,
ablation,photographs,coco_000000393093,ablation_score_only,5,10,0.1,0.5,0.4,4,True,fail_to_pass,0.0,0.1,0.1,True,"[[1, 1, 0]]"
ablation,photographs,coco_000000393093,ablation_score_constraint,5,10,0.1,0.5,0.4,4,True,fail_to_pass,0.0,0.1,0.1,True,"[[1, 1, 0]]"
ablation,photographs,coco_000000393093,ablation_full_dsp,5,10,0.1,0.5,0.4,4,True,fail_to_pass,0.0,0.1,0.1,True,"[[1, 1, 0]]"
ablation,photographs,coco_000000393093,ablation_freq_only,5,10,0.5,0.5,0.0,0,False,unchanged,0.3,,,False,
ablation,photographs,coco_000000393093,ablation_dist_only,5,10,0.5,0.5,0.0,0,False,unchanged,0.1,,,False,
ablation,photographs,coco_000000393093,kmeans_lab_constrained,5,10,0.3,0.3,0.0,0,False,unchanged,0.1,,,False,
ablation,photographs,coco_000000393115,ablation_score_only,5,10,0.2,0.2,0.0,0,False,unchanged,0.1,,,False,
ablation,photographs,coco_000000393115,ablation_score_constraint,5,10,0.2,0.2,0.0,0,False,unchanged,0.1,,,False,
ablation,photographs,coco_000000393115,ablation_full_dsp,5,10,0.2,0.2,0.0,0,False,unchanged,0.1,,,False,
ablation,photographs,coco_000000393115,ablation_freq_only,5,10,0.2,0.2,0.0,0,False,unchanged,0.0,,,False,
ablation,photographs,coco_000000393115,ablation_dist_only,5,10,0.2,0.2,0.0,0,False,unchanged,0.1,,,False,
ablation,photographs,coco_000000393115,kmeans_lab_constrained,5,10,0.1,0.1,0.0,0,False,unchanged,0.0,,,False,
ablation,photographs,coco_000000396729,ablation_score_only,5,10,0.2,0.3,0.1,1,True,fail_to_pass,0.0,0.1,0.1,True,"[[0, 0, 1]]"
ablation,photographs,coco_000000396729,ablation_score_constraint,5,10,0.2,0.3,0.1,1,True,fail_to_pass,0.0,0.1,0.1,True,"[[0, 0, 1]]"
ablation,photographs,coco_000000396729,ablation_full_dsp,5,10,0.2,0.3,0.1,1,True,fail_to_pass,0.0,0.1,0.1,True,"[[0, 0, 1]]"
ablation,photographs,coco_000000396729,ablation_freq_only,5,10,0.1,0.1,0.0,0,False,unchanged,0.0,,,False,
ablation,photographs,coco_000000396729,ablation_dist_only,5,10,0.2,0.3,0.1,1,True,fail_to_pass,0.0,0.1,0.1,True,"[[0, 0, 1]]"
ablation,photographs,coco_000000396729,kmeans_lab_constrained,5,10,0.3,0.3,0.0,0,False,unchanged,0.1,,,False,
ablation,photographs,coco_000000403584,ablation_score_only,5,10,0.3,0.3,0.0,0,False,unchanged,0.3,,,False,
ablation,photographs,coco_000000403584,ablation_score_constraint,5,10,0.3,0.3,0.0,0,False,unchanged,0.3,,,False,
ablation,photographs,coco_000000403584,ablation_full_dsp,5,10,0.3,0.3,0.0,0,False,unchanged,0.3,,,False,
ablation,photographs,coco_000000403584,ablation_freq_only,5,10,0.2,0.2,0.0,0,False,unchanged,0.0,,,False,
ablation,photographs,coco_000000403584,ablation_dist_only,5,10,0.3,0.3,0.0,0,False,unchanged,0.3,,,False,
ablation,photographs,coco_000000403584,kmeans_lab_constrained,5,10,0.3,0.3,0.0,0,False,unchanged,0.2,,,False,
ablation,photographs,coco_000000412286,ablation_score_only,5,10,0.3,0.3,0.0,0,False,unchanged,0.2,,,False,
ablation,photographs,coco_000000412286,ablation_score_constraint,5,10,0.3,0.3,0.0,0,False,unchanged,0.2,,,False,
ablation,photographs,coco_000000412286,ablation_full_dsp,5,10,0.3,0.3,0.0,0,False,unchanged,0.2,,,False,
ablation,photographs,coco_000000412286,ablation_freq_only,5,10,0.4,0.4,0.0,0,False,unchanged,0.3,,,False,
ablation,photographs,coco_000000412286,ablation_dist_only,5,10,0.3,0.3,0.0,0,False,unchanged,0.2,,,False,
ablation,photographs,coco_000000412286,kmeans_lab_constrained,5,10,0.3,0.3,0.0,0,False,unchanged,0.2,,,False,
ablation,photographs,coco_000000418961,ablation_score_only,5,10,0.4,0.4,0.0,0,False,unchanged,0.3,,,False,
ablation,photographs,coco_000000418961,ablation_score_constraint,5,10,0.4,0.4,0.0,0,False,unchanged,0.3,,,False,
ablation,photographs,coco_000000418961,ablation_full_dsp,5,10,0.4,0.4,0.0,0,False,unchanged,0.3,,,False,
ablation,photographs,coco_000000418961,ablation_freq_only,5,10,0.5,0.5,0.0,0,False,unchanged,0.3,,,False,
ablation,photographs,coco_000000418961,ablation_dist_only,5,10,0.4,0.4,0.0,0,False,unchanged,0.3,,,False,
ablation,photographs,coco_000000418961,kmeans_lab_constrained,5,10,0.4,0.4,0.0,0,False,unchanged,0.2,,,False,
ablation,photographs,coco_000000423506,ablation_score_only,5,10,0.2,0.2,0.0,0,False,unchanged,0.2,,,False,
ablation,photographs,coco_000000423506,ablation_score_constraint,5,10,0.2,0.2,0.0,0,False,unchanged,0.2,,,False,
ablation,photographs,coco_000000423506,ablation_full_dsp,5,10,0.2,0.2,0.0,0,False,unchanged,0.2,,,False,
ablation,photographs,coco_000000423506,ablation_freq_only,5,10,0.2,0.2,0.0,0,False,unchanged,0.1,,,False,
ablation,photographs,coco_000000423506,ablation_dist_only,5,10,0.2,0.2,0.0,0,False,unchanged,0.2,,,False,
ablation,photographs,coco_000000423506,kmeans_lab_constrained,5,10,0.3,0.3,0.0,0,False,unchanged,0.1,,,False,
ablation,photographs,coco_000000437205,ablation_score_only,5,10,0.3,0.3,0.0,0,False,unchanged,0.1,,,False,
ablation,photographs,coco_000000437205,ablation_score_constraint,5,10,0.3,0.3,0.0,0,False,unchanged,0.1,,,False,
ablation,photographs,coco_000000437205,ablation_full_dsp,5,10,0.3,0.3,0.0,0,False,unchanged,0.1,,,False,
ablation,photographs,coco_000000437205,ablation_freq_only,5,10,0.3,0.3,0.0,0,False,unchanged,0.1,,,False,
ablation,photographs,coco_000000437205,ablation_dist_only,5,10,0.3,0.3,0.0,0,False,unchanged,0.1,,,False,
ablation,photographs,coco_000000437205,kmeans_lab_constrained,5,10,0.2,0.2,0.0,0,False,unchanged,0.1,,,False,
ablation,photographs,coco_000000438304,ablation_score_only,5,10,0.2,0.2,0.0,0,False,unchanged,0.1,,,False,
ablation,photographs,coco_000000438304,ablation_score_constraint,5,10,0.2,0.2,0.0,0,False,unchanged,0.1,,,False,
ablation,photographs,coco_000000438304,ablation_full_dsp,5,10,0.2,0.2,0.0,0,False,unchanged,0.1,,,False,
ablation,photographs,coco_000000438304,ablation_freq_only,5,10,0.4,0.4,0.0,0,False,unchanged,0.1,,,False,
ablation,photographs,coco_000000438304,ablation_dist_only,5,10,0.2,0.2,0.0,0,False,unchanged,0.1,,,False,
ablation,photographs,coco_000000438304,kmeans_lab_constrained,5,10,0.2,0.2,0.0,0,False,unchanged,0.1,,,False,
ablation,photographs,coco_000000440171,ablation_score_only,5,10,0.3,0.3,0.0,0,False,unchanged,0.1,,,False,
ablation,photographs,coco_000000440171,ablation_score_constraint,5,10,0.3,0.3,0.0,0,False,unchanged,0.1,,,False,
ablation,photographs,coco_000000440171,ablation_full_dsp,5,10,0.3,0.3,0.0,0,False,unchanged,0.1,,,False,
ablation,photographs,coco_000000440171,ablation_freq_only,5,10,0.5,0.5,0.0,0,False,unchanged,0.2,,,False,
ablation,photographs,coco_000000440171,ablation_dist_only,5,10,0.3,0.3,0.0,0,False,unchanged,0.1,,,False,
ablation,photographs,coco_000000440171,kmeans_lab_constrained,5,10,0.3,0.3,0.0,0,False,unchanged,0.2,,,False,
ablation,photographs,coco_000000453341,ablation_score_only,5,10,0.3,0.3,0.0,0,False,unchanged,0.2,,,False,
ablation,photographs,coco_000000453341,ablation_score_constraint,5,10,0.3,0.3,0.0,0,False,unchanged,0.2,,,False,
ablation,photographs,coco_000000453341,ablation_full_dsp,5,10,0.3,0.3,0.0,0,False,unchanged,0.2,,,False,
ablation,photographs,coco_000000453341,ablation_freq_only,5,10,0.2,0.2,0.0,0,False,unchanged,0.1,,,False,
ablation,photographs,coco_000000453341,ablation_dist_only,5,10,0.3,0.3,0.0,0,False,unchanged,0.2,,,False,
ablation,photographs,coco_000000453341,kmeans_lab_constrained,5,10,0.3,0.3,0.0,0,False,unchanged,0.1,,,False,
ablation,photographs,coco_000000462031,ablation_score_only,5,10,0.4,0.4,0.0,0,False,unchanged,0.3,,,False,
ablation,photographs,coco_000000462031,ablation_score_constraint,5,10,0.4,0.4,0.0,0,False,unchanged,0.3,,,False,
ablation,photographs,coco_000000462031,ablation_full_dsp,5,10,0.4,0.4,0.0,0,False,unchanged,0.3,,,False,
ablation,photographs,coco_000000462031,ablation_freq_only,5,10,0.5,0.5,0.0,0,False,unchanged,0.5,,,False,
ablation,photographs,coco_000000462031,ablation_dist_only,5,10,0.4,0.4,0.0,0,False,unchanged,0.3,,,False,
ablation,photographs,coco_000000462031,kmeans_lab_constrained,5,10,0.4,0.4,0.0,0,False,unchanged,0.3,,,False,
ablation,photographs,coco_000000462371,ablation_score_only,5,10,0.3,0.3,0.0,0,False,unchanged,0.3,,,False,
ablation,photographs,coco_000000462371,ablation_score_constraint,5,10,0.3,0.3,0.0,0,False,unchanged,0.3,,,False,
ablation,photographs,coco_000000462371,ablation_full_dsp,5,10,0.3,0.3,0.0,0,False,unchanged,0.3,,,False,
ablation,photographs,coco_000000462371,ablation_freq_only,5,10,0.3,0.3,0.0,0,False,unchanged,0.1,,,False,
ablation,photographs,coco_000000462371,ablation_dist_only,5,10,0.3,0.3,0.0,0,False,unchanged,0.3,,,False,
ablation,photographs,coco_000000462371,kmeans_lab_constrained,5,10,0.4,0.4,0.0,0,False,unchanged,0.3,,,False,
ablation,photographs,coco_000000464522,ablation_score_only,5,10,0.1,0.4,0.3,3,True,fail_to_pass,0.0,0.1,0.1,True,"[[1, 0, 0]]"
ablation,photographs,coco_000000464522,ablation_score_constraint,5,10,0.1,0.4,0.3,3,True,fail_to_pass,0.0,0.1,0.1,True,"[[1, 0, 0]]"
ablation,photographs,coco_000000464522,ablation_full_dsp,5,10,0.1,0.4,0.3,3,True,fail_to_pass,0.0,0.1,0.1,True,"[[1, 0, 0]]"
ablation,photographs,coco_000000464522,ablation_freq_only,5,10,0.2,0.4,0.2,2,True,fail_to_pass,0.1,0.2,0.1,True,"[[1, 0, 0]]"
ablation,photographs,coco_000000464522,ablation_dist_only,5,10,0.1,0.4,0.3,3,True,fail_to_pass,0.0,0.1,0.1,True,"[[1, 0, 0]]"
ablation,photographs,coco_000000464522,kmeans_lab_constrained,5,10,0.3,0.3,0.0,0,False,unchanged,0.1,,,False,
ablation,photographs,coco_000000470779,ablation_score_only,5,10,0.2,0.2,0.0,0,False,unchanged,0.1,,,False,
ablation,photographs,coco_000000470779,ablation_score_constraint,5,10,0.2,0.2,0.0,0,False,unchanged,0.1,,,False,
ablation,photographs,coco_000000470779,ablation_full_dsp,5,10,0.2,0.2,0.0,0,False,unchanged,0.1,,,False,
ablation,photographs,coco_000000470779,ablation_freq_only,5,10,0.2,0.2,0.0,0,False,unchanged,0.1,,,False,
ablation,photographs,coco_000000470779,ablation_dist_only,5,10,0.2,0.2,0.0,0,False,unchanged,0.1,,,False,
ablation,photographs,coco_000000470779,kmeans_lab_constrained,5,10,0.2,0.2,0.0,0,False,unchanged,0.1,,,False,
ablation,photographs,coco_000000494759,ablation_score_only,5,10,0.4,0.4,0.0,0,False,unchanged,0.2,,,False,
ablation,photographs,coco_000000494759,ablation_score_constraint,5,10,0.4,0.4,0.0,0,False,unchanged,0.2,,,False,
ablation,photographs,coco_000000494759,ablation_full_dsp,5,10,0.4,0.4,0.0,0,False,unchanged,0.2,,,False,
ablation,photographs,coco_000000494759,ablation_freq_only,5,10,0.1,0.1,0.0,0,False,unchanged,0.0,,,False,
ablation,photographs,coco_000000494759,ablation_dist_only,5,10,0.4,0.4,0.0,0,False,unchanged,0.2,,,False,
ablation,photographs,coco_000000494759,kmeans_lab_constrained,5,10,0.3,0.3,0.0,0,False,unchanged,0.1,,,False,
ablation,photographs,coco_000000503841,ablation_score_only,5,10,0.2,0.2,0.0,0,False,unchanged,0.1,,,False,
ablation,photographs,coco_000000503841,ablation_score_constraint,5,10,0.2,0.2,0.0,0,False,unchanged,0.1,,,False,
ablation,photographs,coco_000000503841,ablation_full_dsp,5,10,0.2,0.2,0.0,0,False,unchanged,0.1,,,False,
ablation,photographs,coco_000000503841,ablation_freq_only,5,10,0.3,0.3,0.0,0,False,unchanged,0.2,,,False,
ablation,photographs,coco_000000503841,ablation_dist_only,5,10,0.2,0.2,0.0,0,False,unchanged,0.1,,,False,
ablation,photographs,coco_000000503841,kmeans_lab_constrained,5,10,0.3,0.3,0.0,0,False,unchanged,0.2,,,False,
ablation,photographs,coco_000000512330,ablation_score_only,5,10,0.3,0.3,0.0,0,False,unchanged,0.2,,,False,
ablation,photographs,coco_000000512330,ablation_score_constraint,5,10,0.3,0.3,0.0,0,False,unchanged,0.2,,,False,
ablation,photographs,coco_000000512330,ablation_full_dsp,5,10,0.3,0.3,0.0,0,False,unchanged,0.2,,,False,
ablation,photographs,coco_000000512330,ablation_freq_only,5,10,0.3,0.3,0.0,0,False,unchanged,0.1,,,False,
ablation,photographs,coco_000000512330,ablation_dist_only,5,10,0.3,0.3,0.0,0,False,unchanged,0.2,,,False,
ablation,photographs,coco_000000512330,kmeans_lab_constrained,5,10,0.3,0.3,0.0,0,False,unchanged,0.2,,,False,
ablation,photographs,coco_000000524742,ablation_score_only,5,10,0.3,0.3,0.0,0,False,unchanged,0.3,,,False,
ablation,photographs,coco_000000524742,ablation_score_constraint,5,10,0.3,0.3,0.0,0,False,unchanged,0.3,,,False,
ablation,photographs,coco_000000524742,ablation_full_dsp,5,10,0.3,0.3,0.0,0,False,unchanged,0.3,,,False,
ablation,photographs,coco_000000524742,ablation_freq_only,5,10,0.2,0.2,0.0,0,False,unchanged,0.0,,,False,
ablation,photographs,coco_000000524742,ablation_dist_only,5,10,0.4,0.4,0.0,0,False,unchanged,0.3,,,False,
ablation,photographs,coco_000000524742,kmeans_lab_constrained,5,10,0.3,0.3,0.0,0,False,unchanged,0.0,,,False,
ablation,photographs,coco_000000537355,ablation_score_only,5,10,0.4,0.4,0.0,0,False,unchanged,0.2,,,False,
ablation,photographs,coco_000000537355,ablation_score_constraint,5,10,0.4,0.4,0.0,0,False,unchanged,0.2,,,False,
ablation,photographs,coco_000000537355,ablation_full_dsp,5,10,0.4,0.4,0.0,0,False,unchanged,0.2,,,False,
ablation,photographs,coco_000000537355,ablation_freq_only,5,10,0.2,0.2,0.0,0,False,unchanged,0.1,,,False,
ablation,photographs,coco_000000537355,ablation_dist_only,5,10,0.4,0.4,0.0,0,False,unchanged,0.2,,,False,
ablation,photographs,coco_000000537355,kmeans_lab_constrained,5,10,0.3,0.3,0.0,0,False,unchanged,0.2,,,False,
ablation,photographs,coco_000000542625,ablation_score_only,5,10,0.3,0.3,0.0,0,False,unchanged,0.2,,,False,
ablation,photographs,coco_000000542625,ablation_score_constraint,5,10,0.3,0.3,0.0,0,False,unchanged,0.2,,,False,
ablation,photographs,coco_000000542625,ablation_full_dsp,5,10,0.3,0.3,0.0,0,False,unchanged,0.2,,,False,
ablation,photographs,coco_000000542625,ablation_freq_only,5,10,0.2,0.2,0.0,0,False,unchanged,0.1,,,False,
ablation,photographs,coco_000000542625,ablation_dist_only,5,10,0.3,0.3,0.0,0,False,unchanged,0.2,,,False,
ablation,photographs,coco_000000542625,kmeans_lab_constrained,5,10,0.2,0.2,0.0,0,False,unchanged,0.1,,,False,
ablation,photographs,coco_000000542856,ablation_score_only,5,10,0.3,0.3,0.0,0,False,unchanged,0.2,,,False,
ablation,photographs,coco_000000542856,ablation_score_constraint,5,10,0.3,0.3,0.0,0,False,unchanged,0.2,,,False,
ablation,photographs,coco_000000542856,ablation_full_dsp,5,10,0.3,0.3,0.0,0,False,unchanged,0.2,,,False,
ablation,photographs,coco_000000542856,ablation_freq_only,5,10,0.4,0.4,0.0,0,False,unchanged,0.2,,,False,
ablation,photographs,coco_000000542856,ablation_dist_only,5,10,0.3,0.3,0.0,0,False,unchanged,0.2,,,False,
ablation,photographs,coco_000000542856,kmeans_lab_constrained,5,10,0.3,0.3,0.0,0,False,unchanged,0.2,,,False,
ablation,photographs,coco_000000544811,ablation_score_only,5,10,0.4,0.4,0.0,0,False,unchanged,0.2,,,False,
ablation,photographs,coco_000000544811,ablation_score_constraint,5,10,0.4,0.4,0.0,0,False,unchanged,0.2,,,False,
ablation,photographs,coco_000000544811,ablation_full_dsp,5,10,0.4,0.4,0.0,0,False,unchanged,0.2,,,False,
ablation,photographs,coco_000000544811,ablation_freq_only,5,10,0.2,0.2,0.0,0,False,unchanged,0.1,,,False,
ablation,photographs,coco_000000544811,ablation_dist_only,5,10,0.4,0.4,0.0,0,False,unchanged,0.2,,,False,
ablation,photographs,coco_000000544811,kmeans_lab_constrained,5,10,0.3,0.4,0.1,1,True,fail_to_pass,0.2,0.3,0.1,True,"[[1, 1, 1]]"
ablation,photographs,coco_000000553339,ablation_score_only,5,10,0.3,0.3,0.0,0,False,unchanged,0.3,,,False,
ablation,photographs,coco_000000553339,ablation_score_constraint,5,10,0.3,0.3,0.0,0,False,unchanged,0.3,,,False,
ablation,photographs,coco_000000553339,ablation_full_dsp,5,10,0.3,0.3,0.0,0,False,unchanged,0.3,,,False,
ablation,photographs,coco_000000553339,ablation_freq_only,5,10,0.4,0.4,0.0,0,False,unchanged,0.4,,,False,
ablation,photographs,coco_000000553339,ablation_dist_only,5,10,0.3,0.3,0.0,0,False,unchanged,0.3,,,False,
ablation,photographs,coco_000000553339,kmeans_lab_constrained,5,10,0.3,0.3,0.0,0,False,unchanged,0.3,,,False,
ablation,photographs,coco_000000554735,ablation_score_only,5,10,0.4,0.4,0.0,0,False,unchanged,0.2,,,False,
ablation,photographs,coco_000000554735,ablation_score_constraint,5,10,0.4,0.4,0.0,0,False,unchanged,0.2,,,False,
ablation,photographs,coco_000000554735,ablation_full_dsp,5,10,0.4,0.4,0.0,0,False,unchanged,0.2,,,False,
ablation,photographs,coco_000000554735,ablation_freq_only,5,10,0.2,0.2,0.0,0,False,unchanged,0.1,,,False,
ablation,photographs,coco_000000554735,ablation_dist_only,5,10,0.4,0.4,0.0,0,False,unchanged,0.2,,,False,
ablation,photographs,coco_000000554735,kmeans_lab_constrained,5,10,0.3,0.3,0.0,0,False,unchanged,0.1,,,False,
ablation,photographs,coco_000000575372,ablation_score_only,5,10,0.3,0.3,0.0,0,False,unchanged,0.1,,,False,
ablation,photographs,coco_000000575372,ablation_score_constraint,5,10,0.3,0.3,0.0,0,False,unchanged,0.1,,,False,
ablation,photographs,coco_000000575372,ablation_full_dsp,5,10,0.3,0.3,0.0,0,False,unchanged,0.1,,,False,
ablation,photographs,coco_000000575372,ablation_freq_only,5,10,0.1,0.1,0.0,0,False,unchanged,0.1,,,False,
ablation,photographs,coco_000000575372,ablation_dist_only,5,10,0.3,0.3,0.0,0,False,unchanged,0.1,,,False,
ablation,photographs,coco_000000575372,kmeans_lab_constrained,5,10,0.1,0.1,0.0,0,False,unchanged,0.1,,,False,
